county_1, county_2, net_mig, distance
0, 1, 7, 2236
0, 2, -20, 1967
0, 3, -42, 955
0, 4, 45, 2426
0, 5, 5, 865
0,6, -59, 1454
0, 7, -26, 392
0, 8, -1, 1454
0, 9, 13, 1821
0, 10, -52, 2141
0,11, -44, 1452
0, 12, 12, 1739
0, 13, -8, 1931
0, 14, 16, 927
0, 15, -27, 2411
0, 16, -8, 1390
0, 17, -20, 2360
0, 18, -3, 2340
0, 19, 14, 944
0, 20, -21, 975
0, 21, 40, 2280
0, 22, -42, 2529
0, 23, 81, 2028
0, 24, 33, 2083
0, 25, 63, 137
0, 26, -39, 2102
0, 27, 25, 2311
0, 28, -12, 2011
0, 29, 66, 1607
0, 30, -33, 1550
0, 31, 142, 2376
0, 32, 26, 2539
0, 33, 30, 1490
0, 34, 11, 1962
0, 35, -6, 236
0, 36, -169, 680
0, 37, -26, 1362
0, 38, -28, 307
0, 39, -9, 1158
0, 40, 28, 2037
0, 41, -101, 605
0, 42, 19, 1920
0, 43, 29, 2270
0, 44, -14, 2546
0, 45, 25, 1812
0, 46, -44, 546
0, 47, -16, 2544
0, 48, -9, 1561
0, 49, 71, 1361
0, 50, 116, 357
0, 51, 78, 2408
0, 52, -14, 1898
0, 53, 90, 2493
0, 54, -30, 687
0, 55, 146, 2353
0, 56, -24, 1568
0, 57, -55, 426
0, 58, 7, 64
0, 59, 95, 430
0, 60, -1, 31
0, 61, 8, 39
0, 62, -53, 30
0, 63, 7, 1332
0, 64, -15, 1778
0, 65, -77, 1701
0, 66, -25, 2670
0, 67, -2, 1424
0, 68, -19, 1465
0, 69, 3, 1433
0, 70, 7, 2498
0, 71, 6, 2377
0, 72, -73, 2051
0, 73, 0, 1473
1, 2, 81, 269
1, 3, 99, 1285
1, 4, 77, 195
1, 5, -36, 1498
1, 6, -47, 1292
1, 7, -49, 1909
1, 8, 4, 1043
1, 9, 12, 418
1, 10, -14, 109
1, 11, -57, 1070
1, 12, 33, 518
1, 13, 1, 473
1, 14, 58, 1312
1, 15, 22, 191
1, 16, 9, 846
1, 17, 32, 312
1, 18, 22, 707
1, 19, 1, 1306
1, 20, -12, 1577
1, 21, -103, 171
1, 22, -8, 301
1, 23, 37, 292
1, 24, 52, 163
1, 25, 5, 2139
1, 26, 59, 522
1, 27, -19, 303
1, 28, 27, 257
1, 29, -45, 1135
1, 30, 14, 752
1, 31, -35, 876
1, 32, -22, 311
1, 33, 32, 769
1, 34, 63, 342
1, 35, -27, 2125
1, 36, 1, 2108
1, 37, 50, 874
1, 38, -243, 2125
1, 39, -15, 1290
1, 40, 45, 206
1, 41, -131, 1850
1, 42, -34, 329
1, 43, 46,363
1, 44, -39, 1027
1, 45, 11, 446
1, 46, 50, 2147
1, 47, 18, 317
1, 48, -1,1335
1, 49, 74, 1005
1, 50, 78, 2117
1, 51, -5, 828
1, 52, 43, 911
1, 53, 89,257
1, 54, -21, 1852
1, 55, -63, 880
1, 56, 36, 735
1, 57, -49, 2024
1, 58, -61, 2190
1, 59, -39, 2083
1, 60, -1, 2262
1, 61, -26, 2198
1, 62, 23, 2235
1, 63, -12, 955
1, 64, -12, 651
1, 65, -23, 571
1, 66, 13, 479
1, 67, -67, 1094
1, 68, -25, 1219
1, 69, -15, 914
1, 70, -8, 332
1, 71, 7, 331
1, 72, -32, 212
1, 73, -1, 1407
2, 3, 24, 1018
2, 4, 20, 462
2, 5, 16, 1243
2, 6, -37, 1104
2, 7, -13, 1643
2, 8, 3, 835
2, 9, 85, 151
2, 10, 68, 178
2, 11, 34, 864
2, 12, 37, 261
2, 13, -19, 353
2, 14, 30, 1044
2, 15, 21, 452
2, 16, 55, 576
2, 17, 45, 484
2, 18, 61, 768
2, 19, 36, 1040
2, 20, -14, 1337
2, 21, -39, 345
2, 22, 0, 564
2, 23, 21, 214
2, 24, -8, 133
2, 25, 41, 1871
2, 26, 37, 506
2, 27, -5, 449
2, 28, 14, 135
2, 29, 121, 969
2, 30, -16, 503
2, 31, 63, 924
2, 32, 62, 574
2, 33, 5, 512
2, 34, -9, 204
2, 35, 1, 1859
2, 36, 15, 1851
2, 37, 5, 606
2, 38, 52, 1860
2, 39, -1, 1053
2, 40, 21, 81
2, 41, -90, 1593
2, 42, -18, 107
2, 43, 21, 465
2, 44, 62, 1101
2, 45, -11, 198
2, 46, -169, 1885
2, 47, -81, 580
2, 48, -16, 1167
2, 49, 73, 770
2, 50, 43, 1854
2, 51, -9, 893
2, 52, 53, 811
2, 53, 19, 526
2, 54, -22, 1600
2, 55, 63, 919
2, 56, -44, 487
2, 57, -38, 1762
2, 58, -49, 1920
2, 59, 85, 1822
2, 60, 11, 1993
2, 61, 34, 1928
2, 62, -23, 1966
2, 63, -45, 702
2, 64, -17, 485
2, 65, -3, 332
2, 66, -48, 726
2, 67, -61, 885
2, 68, -25, 1029
2, 69, -1, 680
2, 70, -11, 569
2, 71, 6, 505
2, 72, -50, 122
2, 73, -7, 1226
3, 4, -59, 1473
3, 5, -19, 341
3, 6, -37, 777
3, 7, -38, 627
3, 8, 45, 620
3, 9, -65, 877
3, 10, -157, 1194
3, 11, 60, 634
3, 12, -25, 808
3, 13, -1, 985
3, 14, 8, 29
3, 15, 21, 1457
3, 16, 59, 444
3, 17, 33,1407
3, 18, 29, 1429
3, 19, -58, 57
3, 20, -21, 554
3, 21, -18, 1344
3, 22, 34, 1582
3, 23, -32, 1073
3, 24, -18, 1130
3, 25, 33, 853
3, 26, -26, 1170
3, 27, -3, 1358
3, 28, -12, 1055
3, 29, 181, 844
3, 30, -57, 666
3, 31, 89, 1496
3, 32, -7, 1592
3, 33, 9, 535
3, 34, 49, 1007
3, 35, -3, 842
3, 36, -22, 1025
3, 37, -13, 411
3, 38, 51, 849
3, 39, -2, 439
3, 40, 146, 1091
3, 41, -42, 626
3, 42, 60, 965
3, 43, -10, 1321
3, 44, -34, 1681
3, 45, 27, 880
3, 46, -50, 1003
3, 47, -2, 1597
3, 48, -2, 908
3, 49, 81, 473
3, 50, -63, 848
3, 51, 153, 1515
3, 52, 70, 1051
3, 53, 14, 1543
3, 54, -29, 667
3, 55, 87, 1475
3, 56, 33, 683
3, 57, -41, 763
3, 58, 35, 913
3, 59, 124, 826
3, 60, 11, 983
3, 61, 19, 918
3, 62, -28, 952
3, 63, 0, 395
3, 64, -19, 849
3, 65, -48, 747
3, 66, -6, 1734
3, 67, 38, 616
3, 68, -13, 742
3, 69, -3, 518
3, 70, -8, 1542
3, 71, -31, 1424
3, 72, -7, 1110
3, 73, 2, 869
4, 5, -21, 1672
4, 6, -30, 1418
4, 7, 4, 2093
4, 8, 22, 1186
4, 9, 33, 613
4, 10, -88, 302
4, 11, 3, 1210
4, 12, -40, 713
4, 13, 56, 595
4, 14, 14, 1500
4, 15, 11, 35
4, 16, -14, 1037
4, 17, 32, 258
4, 18, -21, 683
4, 19, -26, 1491
4, 20, -4, 1736
4, 21, -45, 262
4, 22, 6, 161
4, 23, 0, 432
4, 24, 49, 343
4, 25, 89, 2327
4, 26, 2, 578
4, 27, -7, 282
4, 28, 10, 423
4, 29, 38, 1248
4, 30, -44, 947
4, 31, 56, 851
4, 32, 39, 167
4, 33, 17, 949
4, 34, -21, 493
4, 35, 10, 2310
4, 36, -46, 2304
4, 37, 14, 1064
4, 38, 19, 2307
4, 39, -23, 1450
4, 40, -25, 402
4, 41, -107, 2025
4, 42, -18, 509
4, 43, 4, 363
4, 44, 9, 974
4, 45, -5, 642
4, 46, -59, 2343
4, 47, -38, 174
4, 48, 3, 1446
4, 49, 76, 1167
4, 50, 4, 2298
4, 51, 118, 792
4, 52, 37, 988
4, 53, 35, 92
4, 54, -4, 2022
4, 55, 153, 860
4, 56, -17, 930
4, 57, -17, 2203
4, 58, 24, 2381
4, 59, 106, 2261
4, 60, -1, 2453
4, 61, 16, 2388
4, 62, -20, 2424
4, 63, 10, 1130
4, 64, -9, 783
4, 65, 13, 744
4, 66, -10, 357
4, 67, -12, 1236
4, 68,0, 1347
4, 69, 9, 1077
4, 70, -24, 178
4, 71, -15, 267
4, 72, -56, 405
4, 73,4, 1526
5, 6, 6, 612
5, 7, -29, 475
5, 8, 11, 591
5, 9, -45, 1119
5, 10, -4, 1421
5, 11, 0, 588
5, 12, -80, 1075
5, 13, -36, 1117
5, 14, -8, 339
5, 15, -1, 1651
5, 16, 77, 714
5, 17, 0, 1558
5, 18, 1, 1484
5, 19, -6, 286
5, 20, -6, 228
5, 21, 10, 1585
5, 22, 45, 1800
5, 23, -1, 1246
5, 24, -4, 1336
5, 25, 29, 735
5, 26, 5, 1266
5, 27, -21, 1508
5, 28, 15, 1248
5, 29, 60, 747
5, 30, -20, 977
5, 31, 87, 1512
5, 32, 3, 1809
5, 33, 37, 731
5, 34, 44, 1181
5, 35, 4, 681
5, 36, -3, 1160
5, 37, 17, 672
5, 38, 74, 658
5, 39, -12, 293
5, 40, -28, 1322
5, 41, -89, 353
5, 42, -26, 1169
5, 43, 29, 1455
5, 44, 37, 1681
5, 45, 6, 1141
5, 46, -87, 1098
5, 47, -20, 1815
5, 48, -5, 734
5, 49, 137, 522
5, 50, 22, 639
5, 51, 126, 1547
5, 52, 5, 1034
5, 53, -6, 1751
5, 54, -33, 359
5, 55,92, 1489
5, 56, -169, 992
5, 57, -11, 540
5, 58, 23, 844
5, 59, 46, 593
5, 60, 26, 895
5, 61, 9, 834
5, 62, -8, 851
5, 63, 13, 543
5, 64, -22, 946
5, 65, -19, 928
5, 66, -23, 1969
5, 67, -15, 559
5, 68, -19, 610
5, 69, 25, 606
5, 70,-1, 1709
5, 71, -10, 1573
5, 72, -33, 1351
5, 73, 4, 663
6, 7, 57, 1063
6, 8,-88, 283
6, 9, 143, 1044
6, 10, 57, 1256
6, 11, -134, 251
6, 12, 11, 1067
6, 13, 47, 824
6, 14, 39, 798
6, 15, 43, 1387
6, 16, 6, 829
6, 17, 22, 1226
6, 18, 40, 1010
6, 19, 40, 732
6, 20, 36, 486
6, 21, 9, 1431
6, 22, 42, 1572
6, 23,15, 1000
6, 24, 48, 1139
6, 25, -128, 1319
6, 26, 76, 879
6, 27, -1, 1179
6, 28, -2, 1042
6, 29, -160, 189
6, 30, 68, 1110
6, 31, -122, 988
6, 32, 38, 1580
6, 33, 23, 702
6, 34, 28, 952
6, 35, -44, 1245
6, 36, 21, 1759
6, 37, -31, 790
6, 38, -292, 1201
6, 39, -117, 346
6, 40, 4, 1183
6, 41, 128, 866
6, 42, 25, 1001
6, 43, 17, 1106
6, 44, 12, 1130
6, 45, 40, 1105
6, 46, 39, 1706
6, 47, 107, 1587
6, 48, 28, 130
6, 49, -108, 426
6, 50, 19, 1168
6, 51, -131, 1037
6, 52, -43, 518
6, 53, 0, 1509
6, 54, 41, 808
6, 55, -207, 963
6, 56, -41, 1116
6, 57, 57, 1069
6, 58, -180, 1442
6, 59, -217, 1103
6, 60, -21, 1485
6, 61, -174, 1428
6, 62, -15, 1436
6, 63, -29, 572
6, 64, 17, 641
6, 65, 6, 784
6, 66, 51, 1764
6, 67, -30, 241
6, 68, 11, 75
6, 69, 22, 485
6, 70, 41, 1391
6, 71, 29, 1234
6, 72, 45, 1227
6, 73, 2, 126
7, 8, -85, 1067
7, 9, 145, 1504
7, 10, 54, 1820
7, 11, -122, 1064
7, 12, 24, 1435
7, 13, 41, 1569
7, 14, 39, 603
7, 15, 15, 2075
7, 16, 11, 1072
7, 17, 28, 2005
7, 18, 46, 1958
7, 19, 8, 602
7, 20, -14, 588
7, 21, 17, 1972
7, 22, 45, 2207
7, 23, 33, 1680
7, 24, 57, 1750
7, 25, -108, 260
7, 26, 9, 1730
7, 27, 11, 1955
7, 28, 6, 1671
7, 29, -160, 1215
7, 30, 26, 1277
7, 31, -82, 1988
7, 32, 19, 2217
7, 33, 35, 1145
7, 34, 11, 1614
7, 35, -125, 217
7, 36, 52, 853
7, 37, 28, 1038
7, 38, -235, 223
7, 39, -122, 768
7, 40, 19, 1717
7, 41,181, 243
7, 42, 52, 1584
7, 43, 15, 1909
7, 44, 16, 2156
7, 45, 43, 1507
7, 46, 61, 751
7, 47, 114, 2223
7, 48, -35, 1172
7, 49, -71, 985
7, 50, 31, 232
7,51, -119, 2022
7, 52, -9, 1509
7, 53, -18, 2166
7, 54, 54, 338
7, 55, -163, 1965
7, 56, -19, 1295
7, 57, 84, 179
7, 58, -167, 380
7, 59, -197, 240
7, 60, -34, 423
7, 61, -156, 364
7, 62, 8, 376
7, 63, -60, 973
7, 64, -48, 1407
7, 65, 52, 1354
7, 66, -52, 2362
7, 67, -128, 1035
7, 68, -24, 1073
7, 69, 32, 1062
7, 70, 19, 2149
7, 71, 18, 2021
7, 72, 78, 1738
7, 73, 5, 1086
8, 9, 65, 765
8, 10, 1, 995
8, 11, 170, 31
8, 12, -16, 784
8, 13, -3, 592
8, 14, -35, 647
8, 15, -60, 1159
8, 16, -93, 560
8, 17, -41, 1023
8, 18, 21, 895
8, 19, -18, 590
8, 20, 38, 572
8, 21, 17, 1171
8, 22, -43, 1334
8, 23, -39, 757
8, 24, -36, 884
8, 25, -40, 1326
8, 26, 2, 698
8, 27, -47, 973
8, 28, -9, 787
8, 29, -261, 240
8, 30, 28, 833
8, 31, -109, 922
8, 32, -41, 1343
8, 33, -77, 420
8, 34, -50, 701
8, 35, 38,1272
8, 36, 1, 1644
8, 37, -34, 524
8, 38, 371, 1244
8, 39, 43, 304
8, 40, -89, 916
8, 41, 138, 919
8, 42, -9, 735
8, 43, 7, 909
8, 44, -40, 1094
8, 45, -14, 823
8, 46, 17, 1613
8, 47, 11, 1349
8, 48, 27, 383
8, 49, -120, 170
8, 50, 11, 1220
8, 51, -138, 955
8, 52, -70, 448
8, 53, -92, 1274
8, 54, 69, 888
8, 55, -304, 899
8, 56, 18, 838
8, 57, 65, 1119
8, 58, 94, 1429
8, 59, -129, 1166
8, 60, 9, 1484
8, 61, 71, 1422
8, 62, 56, 1441
8, 63, 36, 314
8, 64, 26, 405
8, 65, 59, 508
8, 66, 9, 1522
8, 67, 103, 50
8, 68, 70, 210
8, 69, 12, 206
8, 70, 17, 1184
8, 71, 24, 1034
8, 72, 34, 958
8, 73, 3, 410
9, 10, 48, 320
9, 11, -176, 796
9, 12, 113, 117
9, 13, 173, 396
9, 14, 11, 902
9, 15, 99, 603
9, 16, 281, 432
9, 17, 8, 626
9, 18, -27, 866
9, 19, -19, 902
9, 20, -34, 1230
9, 21, 30, 469
9, 22, 92, 707
9, 23, 26, 317
9, 24, 18, 282
9, 25, -28, 1727
9, 26, 143, 585
9, 27, 94, 587
9, 28, 106, 251
9, 29, -169, 929
9, 30, 90, 358
9, 31, -85, 1010
9, 32, 218, 717
9, 33, 86, 395
9, 34, 227, 277
9, 35, -50, 1719
9, 36, 33, 1700
9, 37, 32, 465
9, 38, -704, 1723
9, 39, -58, 951
9, 40, 101, 215
9, 41, -325, 1466
9, 42, -42, 167
9, 43, 80, 592
9, 44, 12, 1195
9, 45, -50, 80
9, 46, 25, 1734
9, 47, 94, 722
9, 48, -26, 1122
9, 49, -32, 674
9, 50, 92, 1719
9, 51,-142, 988
9, 52, 5, 824
9, 53, 77, 673
9, 54, -93, 1478
9, 55, 14, 1003
9, 56, -47, 344
9, 57, -168, 1628
9, 58, -129, 1773
9, 59, -297, 1690
9, 60, -11, 1847
9, 61, -91, 1782
9, 62, -44, 1821
9, 63, 17, 586
9, 64, 10, 473
9, 65, -48, 261
9, 66, -6, 858
9, 67, -165, 813
9, 68, -60, 969
9, 69, 6, 588
9, 70, -35, 719
9, 71, -26, 646
9, 72, -4, 234
9, 73, -25, 1170
10, 11, -46, 1023
10, 12, -20, 413
10, 13, -38, 456
10, 14, 7, 1220
10, 15, -12, 300
10, 16, 48, 751
10, 17, 9, 401
10, 18, -16, 767
10, 19, 44, 1218
10, 20, -41, 1511
10, 21, 47, 176
10, 22, -44,388
10, 23, 80, 277
10, 24, -26, 123
10, 25, 41, 2047
10, 26, 103, 549
10, 27, 9, 383
10, 28, -76, 216
10, 29, 14, 1108
10, 30, -22, 644
10, 31, 58, 933
10, 32, 10, 398
10, 33, 33, 690
10, 34, -20, 308
10, 35, -13, 2036
10, 36, -1, 2001
10, 37, 18, 783
10, 38, -59, 2038
10, 39, -9, 1226
10, 40, 208, 104
10, 41, -87, 1772
10, 42, 53, 261
10, 43, 56, 429
10, 44, -27, 1094
10, 45, -51, 340
10, 46, -73, 2042
10, 47, -30, 403
10, 48, -40, 1308
10, 49, 60, 942
10, 50, 113, 2033
10, 51, 12, 890
10, 52, 3, 912
10, 53, -9, 354
10, 54, -68, 1778
10, 55, 103, 934
10, 56, -22, 627
10, 57, -64, 1940
10, 58, -60, 2093
10, 59, 66, 2001
10, 60, -15, 2167
10, 61, 5, 2102
10, 62, -8, 2141
10, 63, -30, 879
10, 64, -24, 620
10, 65, 29, 503
10, 66, 0, 547
10, 67, -41, 1046
10, 68, -12, 1181
10, 69, -2, 851
10, 70, 12, 440
10, 71, 1, 422
10, 72, -80, 103
10, 73, -9, 1375
11, 12, 0, 816
11, 13, 15, 615
11, 14, -21, 660
11, 15, -4, 1182
11, 16, 3, 590
11, 17, -49, 1043
11, 18, 34, 903
11, 19, 31, 602
11, 20, 55, 557
11, 21, -10, 1199
11, 22, -18, 1359
11, 23, -34, 782
11, 24, -7, 911
11, 25, -156, 1324
11, 26, 38, 714
11, 27, -49, 994
11, 28, -24, 814
11, 29, -330, 217
11, 30, 48, 863
11, 31, -215, 924
11, 32, -88, 1367
11, 33, -3, 451
11, 34, -62, 728
11, 35, 75, 1267
11, 36, 41, 1655
11, 37, 8, 553
11, 38, -596, 1238
11, 39, 72, 297
11, 40, -60, 944
11, 41, 224, 910
11, 42, 21, 764
11, 43, -18, 928
11, 44, -18, 1094
11, 45, -34, 854
11, 46, 65, 1622
11, 47, 82, 1374
11, 48, 45, 352
11, 49, -167, 195
11, 50, -16, 1212
11, 51, -241, 960
11, 52, -69, 446
11, 53, -50, 1299
11, 54, 66, 876
11, 55, -407, 901
11, 56, -91, 869
11, 57, 110, 1111
11, 58, 208, 1429
11, 59, -357, 1157
11, 60, 106, 1483
11, 61, 42, 1421
11, 62, 95, 1439
11, 63, 45, 341
11, 64, 58, 428
11, 65, 100, 538
11, 66, 42, 1547
11, 67, 174, 29
11, 68, 75, 178
11, 69, 37, 236
11, 70, 25, 1205
11, 71, 36, 1054
11, 72, 88, 987
11, 73, 19, 378
12, 13, 5, 497
12, 14, 38, 832
12, 15, 71, 707
12, 16, 22, 366
12, 17, 42, 742
12, 18, -26, 978
12, 19, 7, 839
12, 20, -40, 1205
12, 21, 30, 541
12, 22, 1, 794
12, 23, 0, 433
12, 24, -38, 394
12, 25, 66, 1651
12, 26, -36, 694
12, 27, -1, 704
12, 28, 44, 369
12, 29, 93, 971
12, 30, -142, 242
12, 31, 137, 1119
12, 32, -11, 804
12, 33, -65, 380
12, 34, 91, 390
12, 35, -14, 1648
12, 36, 55, 1592
12, 37, 48, 405
12, 38, 30, 1657
12, 39, -10, 935
12, 40, 82, 311
12, 41, -173, 1414
12, 42, -3, 283
12, 43, -12, 709
12, 44, 12, 1306
12, 45, -29, 73
12, 46, 69, 1629
12, 47, -15, 809
12, 48, -11, 1155
12, 49, 122, 671
12, 50, 54, 1656
12, 51, 105, 1099
12, 52, 40, 901
12, 53, 77, 767
12, 54, -78, 1434
12, 55,240, 1110
12, 56, 65, 227
12, 57, -29, 1568
12, 58, -19, 1689
12, 59, 112, 1631
12, 60, 8, 1764
12, 61, -2, 1700
12, 62, -22, 1740
12, 63, -21, 563
12, 64, -11, 544
12, 65, -40, 310
12, 66, -35, 931
12, 67, -22, 830
12, 68, -29, 993
12, 69, -6, 592
12, 70, -12, 830
12, 71, -19, 763
12, 72, -48, 315
12, 73, -6, 1194
13, 14, -1, 1015
13, 15, 24, 567
13, 16, -5, 617
13, 17, -1, 441
13, 18, -42, 499
13, 19, -26, 988
13, 20, -1, 1154
13, 21, 31, 625
13, 22, -57, 748
13, 23, 7, 181
13, 24, -101, 333
13, 25, 45, 1818
13, 26, 15, 210
13, 27, 59, 390
13, 28, 85, 242
13, 29, 185, 662
13, 30, -85, 704
13, 31, 68, 626
13, 32, -9, 756
13, 33, 62, 458
13, 34, 85, 152
13, 35, 9, 1785
13, 36, -45, 1945
13, 37, 78, 623
13, 38, 110, 1772
13, 39, -19, 870
13, 40, -28, 412
13, 41, -142, 1468
13, 42, -28, 252
13, 43, 1, 339
13, 44, 43, 817
13, 45, 33, 476
13, 46, 21, 1954
13, 47, 32, 763
13, 48, -17, 862
13, 49, 70, 596
13, 50, 73, 1756
13, 51, 44, 614
13, 52, -14, 461
13, 53, 9, 685
13, 54, -8, 1454
13, 55, 136, 616
13, 56, 45, 695
13, 57, -55, 1657
13, 58, -19, 1894
13, 59, 161, 1711
13, 60, -59, 1960
13, 61, 20, 1895
13, 62, -24, 1925
13, 63, -1, 598
13, 64, -19, 187
13, 65, -35, 264
13, 66, -40, 940
13, 67, 16, 642
13, 68,-37, 752
13, 69, -10, 511
13, 70, -38, 596
13, 71, 2, 455
13, 72, -43, 462
13, 73, -1, 936
14, 15, -10, 1484
14, 16, 22, 469
14, 17, 29, 1436
14, 18, -41, 1459
14, 19, -4, 67
14, 20, -6, 557
14, 21, 17, 1369
14, 22, 10, 1608
14, 23, 3, 1101
14, 24, -6, 1157
14, 25, 38, 826
14, 26, 3, 1199
14, 27, 44, 1387
14, 28, 13, 1083
14, 29, 98, 869
14, 30, -55, 684
14, 31, 153, 1525
14, 32, 20, 1618
14, 33, 32, 564
14, 34, 2, 1036
14, 35, 28, 817
14, 36, 6, 997
14, 37, 0, 437
14, 38, 100, 825
14, 39, -24, 457
14, 40, -31, 1117
14, 41, -95, 611
14, 42, -10, 993
14, 43, 14, 1350
14, 44, 36, 1710
14, 45, -60, 904
14, 46, 3, 974
14, 47, -67, 1624
14, 48, -5, 929
14, 49, 83, 501
14, 50, 45, 826
14, 51, 82, 1544
14, 52, -31, 1079
14, 53, 46, 1570
14, 54, -51, 655
14, 55, 175, 1505
14, 56, -1, 701
14, 57, -51, 742
14, 58, -1, 885
14, 59, 107, 806
14, 60, -25, 955
14, 61, 53, 890
14, 62, -37, 924
14, 63, -30, 425
14, 64, 21, 878
14, 65, -55, 775
14, 66, -19, 1759
14, 67, 6, 641
14, 68, -27, 764
14, 69, -6, 547
14, 70, 0, 1570
14, 71, 8, 1453
14, 72, -17, 1136
14, 73, -1, 887
15, 16, 17, 1023
15, 17, -56, 223
15, 18, 0, 649
15, 19, -9, 1474
15, 20, -9, 1711
15, 21, 0, 281
15, 22, 16, 196
15, 23, -32, 407
15, 24, -76, 328
15, 25, 68, 2311
15, 26, 16, 544
15, 27, 27, 247
15, 28, -2, 404
15, 29, 193, 1217
15, 30, -33, 943
15, 31, 185, 817
15, 32, -67, 201
15, 33, -1, 930
15, 34, -43, 470
15, 35, -17, 2292
15, 36, 13, 2299
15, 37, 3, 1049
15, 38, 20, 2288
15,39, 7, 1425
15, 40, 30, 396
15, 41, -12, 2004
15, 42, -14, 491
15, 43, 27, 328
15, 44, -1, 941
15, 45, -24, 637
15, 46, -9, 2336
15, 47, -52, 208
15, 48, -10, 1414
15, 49, 77, 1143
15, 50, 14, 2278
15, 51, 39, 758
15, 52, -28, 955
15, 53, 18, 125
15, 54, 2, 1999
15, 55, 229, 826
15, 56, 10, 926
15, 57, -38, 2183
15, 58, 9, 2366
15, 59, 196, 2241
15, 60, 9, 2438
15, 61, -16, 2373
15, 62, -20, 2409
15, 63, 5, 1109
15, 64, 0, 754
15, 65, -50, 723
15, 66, -31, 391
15, 67, 35, 1209
15, 68, -13, 1317
15, 69, -4, 1053
15, 70, 0, 157
15, 71, 1, 233
15, 72, -34, 403
15, 73, 2, 1495
16, 17, -7, 999
16, 18, -46, 1107
16, 19, -29, 473
16, 20, 6, 862
16, 21, 13, 899
16, 22, 14, 1140
16, 23, -88, 660
16, 24, -18, 695
16, 25, 81, 1295
16, 26, -23, 823
16, 27, -14, 952
16, 28, 2, 629
16, 29, 215, 791
16, 30, -63, 290
16, 31, 180, 1211
16, 32, -3, 1150
16, 33, 50, 184
16, 34, 65, 597
16, 35, 12, 1287
16, 36, -40, 1329
16, 37, 1, 44
16, 38, 274, 1293
16, 39, 44, 614
16, 40, 19, 648
16, 41, -51, 1049
16, 42, -11, 535
16, 43, -72, 929
16, 44, 99, 1403
16, 45, -99, 436
16, 46, -46, 1344
16, 47, -40, 1155
16, 48, 1, 941
16, 49, 125, 402
16, 50, -73, 1290
16, 51, 223, 1213
16, 52, -30, 853
16, 53, -35, 1103
16, 54, 5, 1071
16, 55, 217, 1195
16, 56, -4, 300
16, 57, -14, 1202
16, 58, 8, 1344
16, 59, 242, 1264
16, 60, -55, 1416
16, 61, 25, 1352
16, 62, -47, 1389
16, 63, -43, 259
16, 64, -31, 541
16, 65, -59, 353
16, 66, -49, 1289
16, 67, 11, 592
16, 68, 6, 763
16, 69, -22, 357
16, 70, 13, 1121
16, 71, -3, 1018
16, 72, -38, 666
16, 73, 4, 952
17, 18, 11,426
17, 19, -10, 1416
17, 20, -4, 1592
17, 21, 1, 465
17, 22, -7, 413
17, 23, -40, 338
17, 24, 24, 353
17, 25, 54, 2251
17, 26, -4, 352
17, 27, 23, 50
17, 28, -109, 379
17, 29, 132, 1047
17, 30, 91, 984
17, 31, 143, 594
17, 32, 36, 417
17, 33, 38, 871
17, 34, 73, 402
17, 35, 9, 2222
17, 36, 3, 2316
17, 37, 25, 1016
17, 38, 54, 2211
17, 39, 20, 1309
17, 40, -6, 463
17, 41, -82, 1909
17, 42, -12, 473
17, 43, -31, 122
17, 44, 49, 727
17, 45, 8, 682
17, 46, 0, 2340
17, 47, 3, 424
17, 48, -8, 1238
17, 49, 62, 1037
17, 50, -5, 2196
17, 51, 50, 538
17, 52, 36, 761
17, 53, -9, 341
17, 54, -22, 1895
17, 55, 122, 602
17, 56, 8, 969
17, 57, -37, 2098
17, 58, 3, 2321
17, 59, 129, 2152
17, 60, -24, 2389
17, 61, 33, 2324
17, 62, 6, 2355
17, 63, -4, 1032
17, 64, -32, 621
17, 65, -55, 660
17, 66, -22, 603
17, 67, 10, 1072
17, 68, 3, 1160
17, 69, -4, 952
17, 70, -4, 164
17, 71, -9, 21
17, 72, 26, 493
17, 73, -1, 1326
18, 19, -24, 1420
18, 20, -25, 1454
18, 21, 38, 874
18, 22, 53, 834
18, 23, 5, 556
18, 24, 20, 670
18, 25, -2, 2216
18, 26, -11, 289
18, 27, 14, 412
18, 28, 52, 633
18, 29, 29, 820
18, 30, -12, 1199
18, 31, 29, 169
18, 32, 23, 837
18, 33, 48, 935
18, 34, 36, 589
18, 35, -39, 2166
18, 36, 47, 2425
18, 37, 38, 1107
18, 38, -79, 2140
18, 39, 1, 1200
18, 40, -28, 788
18, 41, -166, 1814
18, 42, 27, 700
18, 43, 87, 343
18, 44, 16, 333
18, 45, 5, 942
18, 46, 19, 2423
18, 47, 44, 843
18, 48, -32, 979
18, 49, 98, 979
18, 50, 45, 2116
18, 51, -56, 125
18, 52, 53, 491
18, 53, 34, 763
18, 54, -23, 1778
18, 55, 23, 176
18, 56, -16, 1189
18, 57, -45, 2015
18, 58, -44, 2310
18, 59, 38, 2060
18, 60, -12, 2370
18, 61, 7, 2306
18, 62, 27, 2329
18, 63, -18, 1034
18, 64, 22, 583
18, 65, -1, 760
18, 66, 2, 1017
18, 67, -71, 933
18, 68, -4, 959
18, 69, 5, 915
18, 70, -24, 550
18, 71, 17, 416
18, 72, -5, 831
18, 73, -3, 1080
19, 20, -4, 497
19, 21, 4, 1371
19, 22, 8, 1605
19, 23, -1, 1084
19, 24, -5, 1148
19, 25, 6, 837
19, 26, -48, 1167
19, 27, -18, 1366
19, 28, 78, 1071
19, 29, 64, 808
19, 30, 29, 709
19, 31, 67, 1481
19, 32, 46, 1615
19, 33, 54, 546
19, 34, -19, 1018
19, 35, 4, 818
19, 36, -4, 1053
19, 37, 10, 437
19, 38, -57, 821
19, 39, -2, 390
19, 40, -17, 1115
19, 41, -83, 583
19, 42, -52, 983
19, 43, 22, 1326
19, 44, 6, 1664
19, 45, -1, 910
19, 46, 5, 1024
19, 47, -24, 1620
19, 48, -12, 863
19, 49, 73, 452
19, 50, 19, 817
19, 51, 89, 1503
19, 52, 12, 1028
19, 53, -28, 1563
19, 54, -27, 619
19, 55, 81, 1460
19, 56, 9, 725
19, 57, -43, 728
19, 58, -15, 906
19, 59, 31, 791
19, 60, -5, 973
19, 61, 23, 908
19, 62, -13, 939
19, 63, 23, 391
19, 64, -27, 844
19, 65, -42, 757
19, 66, -29, 1761
19, 67, -43, 582
19, 68, -7, 700
19, 69, -3, 505
19, 70, -34, 1554
19, 71, 7, 1432
19, 72, -16, 1137
19, 73, -6, 821
20, 21, 14, 1683
20, 22, 6, 1876
20, 23, 0, 1304
20, 24, 12, 1414
20, 25, -46, 838
20, 26, 37, 1271
20, 27, 44,1541
20, 28, 17, 1320
20, 29, -77, 656
20, 30, 22, 1143
20, 31, -54, 1456
20, 32, -4, 1885
20, 33, 44, 834
20, 34, 30, 1243
20, 35, -50, 759
20, 36, 9, 1360
20, 37, 7, 818
20, 38, -125, 715
20, 39, -48, 286
20, 40, -1, 1419
20, 41, 133, 379
20, 42, 23, 1251
20, 43, 2, 1480
20, 44, 10, 1609
20, 45, 13, 1264
20, 46, 13, 1286
20, 47, 42, 1891
20, 48, -5, 587
20, 49, -40, 571
20, 50, -1, 682
20, 51, -55, 1499
20, 52, 6, 975
20, 53, 1, 1821
20, 54, 55, 326
20, 55, -81, 1431
20, 56, -5, 1156
20, 57, 84, 582
20, 58, -58, 968
20, 59, -120, 618
20, 60, 11, 1005
20, 61, -78, 950
20, 62, -28, 955
20, 63, -37, 644
20, 64, -17, 970
20, 65, -1, 1008
20, 66, -28, 2055
20, 67, -31, 527
20, 68, -37, 510
20, 69, 14, 662
20, 70, 8, 1750
20, 71, 5, 1603
20, 72, 35, 1453
20, 73, 6, 498
21, 22, -45, 268
21, 23, -49, 444
21, 24, -30, 294
21, 25, 34, 2191
21, 26, 13, 692
21, 27, -29, 465
21, 28, -8, 390
21, 29, 50, 1282
21, 30, -10, 750
21, 31, 36, 1044
21, 32, 47, 277
21, 33, -14, 855
21, 34, -6, 482
21, 35, 5, 2186
21, 36, 9, 2098
21, 37, 14, 933
21, 38, 72, 2192
21, 39, -1, 1398
21, 40, 4, 264
21, 41, -68, 1934
21, 42, -32, 436
21, 43, -57, 531
21, 44, 54, 1189
21, 45, -21, 467
21, 46, -17, 2148
21, 47, 22, 280
21, 48, -9, 1483
21, 49, 42, 1114
21, 50, 33, 2188
21, 51, 33, 994
21, 52, -9, 1075
21, 53, -44, 265
21, 54, 0, 1943
21, 55, 88, 1048
21, 56, -20, 732
21, 57, -25, 2097
21, 58, -14, 2231
21, 59, 137, 2159
21, 60, 14, 2305
21, 61, 13, 2241
21, 62, -19, 2282
21, 63, 4, 1046
21, 64, -2, 794
21, 65, 4, 676
21, 66, -28, 390
21, 67, 14, 1222
21, 68, -17, 1357
21, 69, -11, 1024
21, 70, -16, 438
21, 71, -9, 481
21, 72, 5, 234
21, 73, -7, 1550
22, 23, 22, 577
22, 24, -29, 464
22, 25, 55, 2435
22, 26, 14, 739
22, 27, 2, 442
22, 28, -20, 555
22, 29, 62, 1406
22, 30, 33, 1014
22, 31, 138, 999
22, 32, -16, 10
22, 33, 9, 1070
22, 34, -26, 634
22, 35, -6, 2423
22, 36, 13, 2365
22, 37, -30, 1171
22, 38, 45, 2425
22, 39, -4, 1589
22, 40, -74, 492
22, 41, -55, 2152
22, 42, -58, 630
22, 43, -17, 524
22, 44, -26, 1109
22, 45, -16, 721
22, 46, -42, 2414
22, 47, -59, 15
22, 48, -18, 1604
22, 49, 76, 1305
22, 50, 13, 2418
22, 51, 167, 937
22, 52, 7, 1150
22, 53, 29, 71
22, 54, -22, 2154
22, 55, 156, 1009
22, 56, 25, 995
22, 57, -55, 2325
22, 58, 3, 2481
22, 59, 152, 2384
22, 60, 48, 2554
22, 61, 13, 2490
22, 62, -20, 2529
22, 63, -32, 1257
22, 64, -54, 934
22, 65, -41, 872
22, 66, 17, 196
22, 67, -18, 1385
22, 68, 11, 1501
22, 69, -15, 1214
22, 70, -13, 294
22, 71, -18, 419
22, 72, -14, 479
22, 73, 0, 1683
23, 24, 6, 154
23, 25, 70, 1922
23, 26, 12, 293
23, 27, 35, 292
23, 28, -87, 79
23, 29, 113, 843
23, 30,-14, 669
23, 31, 148, 710
23, 32, -44, 586
23, 33, 18, 538
23, 34, 26, 65
23, 35, -23, 1897
23, 36, -22, 1981
23, 37, 3, 678
23, 38, 131, 1890
23, 39, 17, 1017
23, 40, 20, 251
23, 41, -58, 1599
23, 42, -14, 150
23, 43, -43, 279
23, 44, 16, 889
23, 45, 8, 389
23, 46, -52, 2003
23, 47, -61, 592
23, 48, -22, 1043
23, 49, 87, 735
23, 50, 61, 1878
23, 51, 174, 680
23, 52, -21, 634
23, 53, 13, 518
23, 54, -17, 1592
23, 55, 133, 705
23, 56, -55, 656
23, 57, -6, 1781
23, 58, 33, 1987
23, 59, 119, 1838
23, 60, -32, 2056
23, 61, 7, 1991
23, 62, -15, 2024
23, 63, -29, 708
23, 64, -48, 359
23, 65, -64, 326
23, 66, -19, 766
23, 67, -6, 807
23, 68, 5, 927
23, 69, -18, 646
23, 70, -24, 470
23, 71, -25, 357
23, 72, -29, 300
23, 73, 2, 1115
24, 25, 73, 1984
24, 26, -50, 434
24, 27, -49, 321
24, 28, 11, 97
24, 29, 119, 988
24, 30, -26, 636
24, 31, 146, 832
24, 32, -42, 474
24, 33, 126, 608
24, 34, -45, 188
24, 35, 2, 1967
24, 36, -17, 1983
24, 37, 55, 721
24, 38, -70, 1966
24, 39, -6, 1127
24, 40, 60, 119
24, 41, -178, 1688
24, 42, 0, 167
24, 43, -47, 347
24, 44, -9, 1002
24, 45, -42, 331
24, 46, -19, 2016
24, 47, -57, 480
24, 48, -10, 1189
24, 49, 67, 842
24, 50, 68, 1957
24, 51, 110, 795
24, 52, -18, 789
24, 53, -4, 416
24, 54, -38, 1689
24, 55, 168, 831
24, 56, -13, 621
24, 57, -63, 1863
24, 58, -4, 2038
24, 59, 127, 1922
24, 60, -29, 2110
24, 61, 9, 2045
24, 62, 19, 2081
24, 63, 12, 792
24, 64, -3, 500
24, 65, 6, 408
24, 66, -15, 641
24, 67, -22, 935
24, 68, -26, 1065
24, 69, -17, 751
24, 70, -7, 436
24, 71, -2, 374
24, 72, -68, 161
24, 73, -1, 1257
25, 26, -66, 1984
25, 27, -107, 2201
25, 28, -134, 1908
25, 29, 49, 1474
25, 30, -24, 1473
25, 31, -43, 2248
25, 32, -92, 2445
25, 33, -104, 1384
25, 34, -141, 1856
25, 35, 50, 109
25, 36, -22, 750
25, 37, -79, 1264
25, 38, 493, 186
25, 39, 67, 1028
25, 40, -52, 1943
25, 41, 159, 467
25, 42, -4, 1819
25, 43, -48, 2158
25, 44, 67,2416
25, 45, -19, 1724
25, 46, 37, 624
25, 47, 35, 2450
25, 48, 46, 1425
25, 49, -107, 1241
25, 50, -48, 236
25, 51, 55, 2282
25, 52, -84, 1769
25, 53, -51, 2397
25, 54, 59, 550
25, 55, -65, 2225
25, 56, 55, 1491
25, 57, 102, 292
25, 58, 196, 149
25, 59, 38, 305
25, 60, 25, 168
25, 61, 38, 120
25, 62, 65, 117
25, 63, 8, 1220
25, 64, 25, 1660
25, 65, 25, 1595
25, 66, 27, 2582
25, 67, 127, 1295
25, 68, 59, 1331
25, 69, 21, 1315
25, 70, 17, 2392
25, 71, 17, 2267
25, 72, 39, 1960
25, 73, 6, 1335
26, 27, -34, 308
26, 28, -79, 373
26, 29, 74, 697
26, 30, 6, 911
26, 31, 75,425
26, 32, 7, 745
26, 33, 20, 657
26, 34, 15, 311
26, 35, 8, 1944
26, 36, 80, 2148
26, 37, -14, 826
26, 38, 215, 1924
26, 39, 13, 997
26, 40, 1, 542
26, 41, -80, 1609
26, 42, -55, 424
26, 43, 32, 229
26, 44, 154, 611
26, 45, 38, 664
26, 46, -35, 2152
26, 47, -19, 753
26, 48, -9, 886
26, 49, 26, 745
26, 50, 102, 1905
26, 51, 55, 406
26, 52, -32, 411
26, 53, 25, 670
26, 54, -43, 1585
26, 55, 170, 417
26, 56, -20, 901
26, 57, -32, 1804
26, 58, 12, 2069
26, 59, 165, 1855
26, 60, -41, 2132
26, 61, -15, 2068
26, 62, -26, 2094
26, 63, -32, 776
26, 64, -16, 324
26, 65, -20,472
26, 66, 2, 935
26, 67, -55, 744
26, 68, -26, 815
26, 69, -24, 669
26, 70, 8, 516
26, 71, -35, 357
26, 72, -51, 590
26, 73, -1, 975
27, 28, -1, 337
27, 29, 222, 1000
27, 30, -79, 945
27, 31, 116, 582
27, 32, -21, 447
27, 33, -24, 823
27, 34, -10, 355
27, 35, 11, 2172
27, 36, -7, 2272
27, 37, 78, 969
27, 38, 59, 2160
27, 39, 29, 1259
27, 40, -19, 436
27, 41, -96, 1859
27, 42, -8, 431
27, 43, -71, 82
27, 44, 21, 724
27, 45, -18, 647
27, 46, -14, 2295
27, 47, -67, 454
27, 48, -14, 1193
27, 49, 71, 987
27, 50, 39, 2146
27, 51, 272, 529
27, 52, -29, 719
27, 53, 4, 371
27, 54, -37, 1844
27, 55, 279, 588
27, 56, -56, 931
27, 57, -40, 2047
27, 58, 44, 2271
27, 59, 239, 2102
27, 60, -55, 2339
27, 61, 32, 2274
27, 62, -40, 2306
27, 63, -45, 982
27, 64, -49, 571
27, 65, -25, 612
27, 66, -29, 635
27, 67, -2, 1022
27, 68, -14, 1112
27, 69, 15, 901
27, 70, -5, 212
27, 71, -16, 66
27, 72, -30, 468
27, 73, 6, 1279
28, 29, 235, 892
28, 30, 14, 609
28, 31, 85, 789
28, 32, 1, 564
28, 33, 4, 526
28, 34, -11, 92
28, 35, 1, 1888
28, 36, -73, 1938
28, 37, 6, 652
28, 38, 116, 1884
28, 39, -20, 1033
28, 40, -8, 174
28, 41, -184, 1602
28, 42, -51, 95
28, 43, 8, 340
28, 44, 86, 966
28, 45, -56, 318
28, 46, -63, 1964
28, 47, -131,571
28, 48, -33, 1092
28, 49, 109, 749
28, 50, 54, 1874
28, 51, 227, 758
28, 52, -32, 702
28, 53, -44, 503
28, 54, -53, 1600
28, 55, 284, 784
28, 56, 0, 595
28, 57, -37, 1779
28, 58, 6, 1967
28, 59, 201, 1837
28, 60, -66, 2038
28, 61, 46, 1973
28, 62, -26, 2008
28, 63, -27, 706
28, 64, 3, 404
28, 65, -14, 320
28, 66, -35, 736
28, 67, -44, 838
28, 68, -11, 968
28, 69, -17, 658
28, 70, 13, 491
28, 71, -31, 399
28, 72, -3, 223
28, 73, -10, 1160
29, 30, -9, 1052
29, 31, -294, 803
29, 32, -157, 1413
29, 33, -292, 635
29, 34, -261, 800
29, 35, 99, 1406
29, 36, -30, 1858
29, 37, -91, 758
29, 38, 1188, 1368
29, 39, 94, 457
29, 40, -224, 1044
29, 41, 269, 1033
29, 42, -97, 862
29, 43, -85, 925
29, 44, -106, 952
29, 45, -26, 997
29, 46, -12, 1817
29, 47, 73, 1420
29, 48, 80, 200
29, 49, -445, 410
29, 50, -158, 1337
29, 51, -328, 850
29, 52, -281, 328
29, 53, -246, 1340
29, 54, 112, 982
29, 55, -235, 778
29, 56, 186, 1055
29, 57, 157, 1237
29, 58, 250, 1590
29, 59, -404, 1275
29, 60, 128, 1638
29, 61, 106, 1579
29, 62, 145, 1591
29, 63, 102, 553
29, 64, 92, 488
29, 65, 139, 669
29, 66, 107, 1600
29, 67, 238, 230
29, 68, 135, 146
29, 69, 28, 434
29, 70, 50, 1211
29, 71, 39, 1053
29, 72, 147, 1091
29, 73, 8, 279
30, 31, 97, 1331
30, 32, 14, 1023
30, 33, 77, 417
30, 34, 94, 620
30, 35, -4, 1483
30, 36, -22, 1356
30, 37, 16,333
30, 38, -150, 1501
30, 39, -1, 904
30, 40, 72, 546
30, 41, -154, 1292
30, 42, 13, 519
30, 43, 18, 947
30, 44, 37, 1521
30, 45, -2, 307
30, 46, 36, 1400
30, 47, -129, 1027
30, 48, 2, 1216
30, 49, 33, 685
30, 50, 59, 1506
30, 51, 56, 1317
30, 52, 53, 1052
30, 53, -3, 993
30, 54, -41, 1326
30, 55, 74, 1320
30, 56, -18, 18
30, 57, -49, 1425
30, 58, -24, 1497
30, 59, 66, 1490
30, 60, -3, 1573
30, 61, 49, 1511
30, 62, -31, 1554
30, 63, -75, 546
30, 64, -35, 704
30, 65, -31, 466
30, 66, 24, 1131
30, 67, -16, 869
30, 68, -57, 1040
30, 69, -1, 627
30, 70, -21, 1070
30, 71, -5, 1005
30, 72, 10, 542
30, 73, -8, 1235
31, 32, -214, 1001
31, 33, -98, 1031
31, 34, -203, 735
31, 35, 61, 2191
31, 36, -27, 2508
31, 37, -143, 1206
31, 38, 474, 2159
31, 39, 52, 1221
31, 40, -206, 949
31, 41, 165, 1827
31, 42, -39, 848
31, 43, -52, 513
31, 44, -144, 192
31, 45, -61, 1089
31, 46, 30, 2498
31, 47, 21, 1008
31, 48, 16, 936
31, 49, 17, 1030
31, 50, -20, 2131
31, 51, -335, 70
31, 52, -46, 482
31, 53, 96, 929
31, 54, 81, 1782
31, 55, -53, 25
31, 56, 77, 1322
31, 57, 108, 2030
31, 58, 153, 2351
31, 59, 398, 2072
31, 60, 59, 2407
31, 61, 104, 2344
31, 62, 98, 2363
31, 63, 36, 1106
31, 64, 90, 672
31, 65, 121, 876
31, 66, 53, 1178
31, 67, 150, 953
31, 68, 79, 948
31, 69, 27, 978
31, 70, 25, 710
31, 71, 22, 583
31, 72, 92, 994
31, 73, 4, 1040
32, 33, -33, 1080
32, 34, 8, 643
32, 35, -3, 2433
32, 36, -5, 2375
32, 37, 3, 1180
32, 38, 171, 2435
32, 39, -5, 1598
32, 40, 38, 502
32, 41, -95, 2162
32, 42, 5, 640
32, 43, -39, 528
32, 44, 97, 1110
32, 45, 8, 731
32, 46, -77, 2424
32, 47, -146, 7
32, 48, -25, 1611
32, 49, 51, 1314
32, 50, -101, 2428
32, 51, 214, 939
32, 52, -2, 1156
32, 53, -19, 76
32, 54, -11, 2163
32, 55, 403, 1012
32, 56, -22, 1005
32, 57, -23, 2334
32, 58, 29, 2491
32, 59, 211, 2394
32, 60, -42, 2564
32, 61, 23, 2500
32, 62, -12, 2539
32, 63, -5, 1266
32, 64, -4, 942
32, 65, -40, 882
32, 66, -2, 189
32, 67, 5, 1393
32, 68, -3, 1509
32, 69, -9, 1223
32, 70, 1, 295
32, 71, 15, 423
32, 72, -51, 489
32, 73, -13, 1690
33, 34, 16, 472
33, 35, 33,1362
33, 36, 31, 1491
33, 37, 18, 174
33, 38, 294, 1358
33, 39, 11, 558
33, 40, 9, 591
33, 41, -86, 1082
33, 42, 40, 441
33, 43, -37, 788
33, 44, 34, 1224
33, 45, -32, 433
33, 46, 3, 1496
33, 47, -108, 1086
33, 48, -20, 802
33, 49, 108, 291
33, 50, -117, 1349
33, 51, 275, 1036
33, 52, 26, 669
33, 53, 50, 1025
33, 54, -49, 1088
33, 55, 347, 1015
33, 56, -51, 420
33, 57, -51, 1254
33, 58, 29, 1449
33, 59, 254, 1313
33, 60, 18, 1518
33, 61, -9, 1453
33, 62, -91, 1486
33, 63, -32, 191
33, 64, -18, 360
33, 65, -29, 211
33, 66, -10, 1238
33, 67, 15, 460
33, 68, 21, 630
33, 69, 4, 217
33, 70, -24, 1008
33, 71, -7, 889
33, 72, -65, 622
33, 73, -12, 828
34, 35, -9, 1831
34, 36, -54, 1920
34, 37, 32, 613
34, 38, 216, 1824
34, 39, 14, 956
34,40, -48, 259
34, 41, -114, 1535
34, 42, -50, 113
34, 43, -55, 336
34, 44, -14, 919
34, 45, 20, 354
34, 46, -13, 1940
34, 47, -135, 649
34, 48, 1, 1000
34, 49, 136, 673
34, 50, -49, 1813
34, 51, 348, 711
34, 52, -24, 613
34, 53, -7, 578
34, 54, -23, 1529
34, 55, 319, 728
34, 56, 8, 608
34, 57, -99, 1716
34, 58, 50, 1921
34, 59, 287, 1773
34, 60, -4, 1990
34, 61, 32, 1925
34, 62, -24, 1958
34, 63, -39, 643
34, 64, -26, 312
34, 65, -41, 260
34, 66, -38, 820
34, 67, -23, 752
34, 68, -5, 878
34,69, -23, 583
34, 70, -4, 535
34, 71, 0, 421
34, 72, -29, 309
34, 73, -5, 1069
35, 36, 6, 854
35, 37, -2, 1253
35, 38, -166, 76
35, 39, -60, 969
35, 40, -43, 1933
35, 41, 254, 381
35, 42, 10, 1801
35, 43, -3, 2125
35, 44, -15, 2354
35, 45, -24, 1721
35, 46, 4, 730
35, 47, 46, 2439
35, 48, 61, 1346
35, 49, -47, 1198
35, 50, -26, 126
35, 51, -43, 2227
35, 52, 2, 1709
35, 53, 12, 2382
35, 54, 108, 457
35, 55, -105, 2167
35, 56, -21, 1501
35, 57, 156, 191
35, 58, -92, 258
35, 59, -116, 196
35, 60, -28, 264
35, 61, -83, 227
35, 62, -12, 209
35, 63, -32, 1190
35, 64, -6, 1621
35, 65, 12, 1571
35, 66, 27, 2576
35, 67, -21, 1238
35, 68, 27, 1261
35, 69, 10, 1276
35, 70, 6, 2366
35, 71, 10, 2238
35, 72, 47, 1953
35, 73, 13, 1254
36, 37, -25, 1322
36, 38, -58, 928
36, 39, -16, 1413
36, 40, 35, 1902
36, 41, -124, 1090
36, 42, 17, 1843
36, 43, -36, 2256
36, 44, 29, 2697
36, 45, -3, 1662
36, 46, -48, 137
36, 47, -3, 2378
36, 48, -31, 1886
36, 49, 52, 1498
36, 50, -24, 975
36, 51, 102, 2521
36, 52, 11, 2076
36, 53, 65, 2349
36, 54, -28, 1186
36, 55, 99, 2489
36, 56, -39, 1374
36, 57, -50, 997
36, 58, -34, 624
36, 59, -9, 1033
36, 60, -26, 674
36, 61, -11, 661
36, 62, 15, 709
36, 63, 2, 1403
36, 64, 29, 1842
36, 65, -92, 1683
36, 66, 16,2464
36, 67, -25, 1634
36, 68, -3, 1739
36, 69, -35, 1535
36, 70, 1, 2420
36, 71, -10, 2336
36, 72, -44, 1899
36, 73, -6, 1822
37, 38, 194, 1258
37, 39, 18, 570
37, 40, -37, 679
37, 41, -47, 1009
37, 42, -13, 559
37, 43, -10, 942
37, 44, 19, 1398
37, 45, 3, 474
37, 46, 2, 1332
37, 47, -25, 1186
37, 48, 4, 904
37, 49, 41, 363
37, 50, -74, 1254
37, 51, 214, 1210
37, 52, -27, 834
37, 53, -14, 1132
37, 54, -31, 1030
37, 55, 196, 1189
37, 56, -23, 344
37, 57, -32, 1165
37, 58, -26, 1317
37, 59, 145, 1227
37, 60, -40, 1388
37, 61, 61, 1324
37, 62, -30, 1360
37, 63, 12, 218
37, 64, 37, 534
37, 65, -112, 362
37, 66, -26, 1324
37, 67, 3, 554
37, 68, -20, 725
37, 69, -15, 324
37, 70, -6, 1142
37, 71, 12, 1035
37, 72, -19, 699
37, 73, -3, 912
38, 39, 164, 940
38, 40, -305, 1936
38, 41, 427, 335
38, 42, 48, 1799
38, 43, -124, 2111
38, 44, -104, 2319
38, 45, -15, 1729
38, 46, 133, 806
38, 47, 286, 2440
38, 48, 82, 1299
38, 49, -657, 1180
38, 50, -126, 50
38, 51, -710, 2197
38, 52, -487, 1677
38, 53, -422, 2382
38, 54, 175, 402
38, 55, -1411, 2135
38, 56, -218, 1518
38, 57, 262, 133
38, 58, 419, 334
38, 59, -654, 123
38, 60, 236, 333
38, 61, 132, 301
38, 62, 372, 279
38, 63, 237, 1181
38, 64, 191, 1604
38, 65, 292, 1566
38, 66, 230, 2582
38, 67, 364, 1208
38, 68, 159, 1222
38, 69, 114, 1261
38, 70, 113, 2358
38, 71, 114, 2226
38, 72, 365, 1958
38, 73, 31, 1204
39, 40, -15, 1135
39, 41, 239, 615
39, 42, 0, 965
39, 43, 3, 1200
39, 44, -13, 1388
39, 45, 20, 991
39, 46, 21, 1365
39, 47, 39, 1604
39, 48, 61, 476
39, 49, -63, 284
39, 50, -45, 916
39, 51, -60, 1257
39, 52, -19, 741
39, 53, -32, 1534
39, 54, 78, 588
39, 55, -104, 1197
39, 56, -43, 915
39, 57, 117, 814
39, 58, -91, 1137
39, 59, -116, 861
39, 60, -37, 1189
39, 61, -61, 1128
39, 62, 5, 1144
39, 63, 14, 373
39, 64, 19, 688
39, 65, 35, 723
39, 66, 14, 1769
39, 67, 31, 268
39, 68, 100, 327
39, 69, 1, 375
39, 70, 12, 1466
39, 71, 14, 1322
39, 72,7, 1170
39, 73, 5, 430
40, 41, -98, 1672
40, 42, 51, 182
40, 43, 1, 466
40, 44, 37, 1120
40, 45, 12, 240
40, 46, -49, 1941
40, 47, -65, 507
40, 48, 11, 1243
40, 49, 164, 851
40, 50, -1, 1931
40, 51, 108, 913
40, 52, -39, 873
40, 53, 34, 458
40, 54, -27, 1680
40, 55, 243, 947
40, 56, -113, 529
40, 57, 9, 1839
40, 58, -6, 1989
40, 59, 300, 1899
40, 60, -19, 2063
40, 61, 50, 1998
40, 62, -70, 2036
40, 63, -12, 782
40, 64, -29, 558
40, 65, -64, 414
40, 66, 3, 647
40, 67, -4, 966
40, 68, 4, 1107
40, 69, -17, 761
40, 70, -18, 526
40, 71, -14, 484
40, 72, -53, 49
40, 73, -2, 1304
41, 42, 179, 1521
41, 43, 99, 1805
41, 44, 162, 1985
41, 45, 58, 1483
41, 46, 120, 993
41, 47, 181, 2168
41, 48, -150, 965
41, 49, -124, 872
41, 50, 149, 304
41, 51, -115, 1867
41, 52, 123, 1344
41, 53, 34, 2104
41, 54, -181, 95
41, 55, -321, 1802
41, 56, -29, 1309
41, 57, -359, 203
41, 58, -273, 606
41, 59, -357, 246
41, 60, -71, 635
41, 61, -298, 585
41, 62, -22, 583
41, 63, -67, 895
41, 64, -52, 1293
41, 65, 40, 1281
41, 66, -87, 2319
41, 67, -230, 880
41, 68, -194, 887
41, 69, -42, 957
41, 70, -141, 2062
41, 71, -148, 1923
41, 72, 30, 1699
41, 73, -4, 872
42, 43, 100, 428
42, 44, 27, 1031
42, 45, 0, 241
42, 46, -33, 1869
42, 47, -31, 646
42, 48, -21, 1061
42, 49, 186, 681
42, 50, 2, 1790
42, 51, 54, 823
42, 52, 0, 706
42, 53, 18, 583
42, 54, -58, 1523
42, 55, 85, 842
42, 56, 26, 506
42, 57, -55, 1696
42, 58, -44, 1876
42, 59, 33, 1755
42, 60, 12, 1947
42, 61, 28, 1882
42, 62, -16, 1917
42, 63, -9, 626
42, 64, -27, 378
42, 65, -46, 243
42, 66, -23, 804
42, 67, -44, 786
42, 68, -21, 926
42, 69, -35, 590
42, 70, -8, 585
42, 71, -8, 493
42, 72, -17, 228
42, 73, -11, 1122
43, 44, -55, 666
43, 45, -25, 658
43, 46, -57, 2273
43, 47, -4, 536
43, 48, -23, 1116
43, 49, 156, 933
43, 50, -28, 2095
43, 51, 71, 464
43, 52, 48, 639
43, 53, 39, 452
43, 54, -35, 1787
43, 55, 148, 517
43, 56, -5, 934
43, 57, -21, 1995
43, 58, -8, 2232
43, 59, 85, 2049
43, 60, -8, 2299
43, 61, 17, 2234
43, 62, -49, 2264
43, 63, -1, 938
43, 64, -94, 512
43, 65, -43, 580
43, 66, 17, 717
43,67, -18, 957
43, 68, -3, 1040
43, 69, -5, 850
43, 70, 5, 286
43, 71, -5, 128
43, 72, -44, 504
43, 73, -12, 1204
44, 45, 9, 1273
44, 46, -31, 2684
44, 47, 72, 1116
44, 48, -2, 1063
44, 49, 183, 1212
44, 50, -41, 2289
44, 51, 294, 208
44, 52, -62, 647
44, 53, 13, 1043
44, 54, -19, 1935
44, 55, 67, 208
44, 56, -10, 1512
44, 57, -39, 2188
44, 58, -33, 2523
44, 59, 101, 2227
44, 60, -3, 2577
44, 61, 11, 2515
44, 62, -30, 2532
44, 63, -3, 1293
44, 64, 34, 864
44, 65, 12, 1068
44, 66, 9, 1275
44, 67, -25, 1121
44, 68, -28, 1099
44, 69, 8, 1163
44, 70, 6, 815
44, 71, 18, 712
44, 72, -7, 1163
44, 73, -4, 1167
45, 46, -33, 1701
45, 47, 60, 735
45, 48, -15, 1187
45, 49, 83, 721
45, 50, -69, 1727
45, 51, -91, 1065
45, 52, 14, 903
45, 53, 12, 694
45, 54, -29, 1500
45, 55, 168, 1082
45, 56, 13, 291
45, 57, -65, 1639
45, 58, -11, 1763
45, 59, 87, 1701
45, 60, -11, 1838
45, 61, 3, 1774
45, 62, -122, 1814
45, 63, 15, 620
45, 64, -22, 550
45, 65, -45, 328
45, 66, -13, 858
45, 67, -18, 870
45, 68, -33, 1030
45, 69, -19, 637
45, 70, 0, 763
45, 71, 37, 703
45, 72, -45, 242
45, 73, 0, 1231
46, 47, -7, 2427
46, 48, -23, 1831
46, 49, 14, 1475
46, 50, 13, 854
46, 51, -55, 2514
46, 52, 44, 2053
46, 53, 39, 2393
46, 54, -26, 1088
46, 55, 20, 2478
46, 56, -1, 1418
46, 57, -49, 883
46, 58, -15, 492
46, 59, -65, 915
46, 60, -3,538
46, 61, -16, 529
46, 62, -3, 575
46, 63, -17, 1392
46, 64, 10, 1840
46, 65, -39, 1695
46, 66, -16, 2521
46, 67, -71, 1599
46, 68, -35, 1693
46, 69, -39, 1520
46, 70, 7, 2451
46, 71, 3, 2359
46, 72, -10, 1941
46, 73, -9, 1762
47, 48, -40, 1618
47, 49, 101, 1320
47, 50, 24, 2433
47, 51, 14, 946
47, 52, 131, 1163
47, 53, 35, 83
47, 54, -85, 2169
47, 55, 34, 1019
47, 56, -40, 1009
47, 57, -63, 2340
47, 58, -67, 2496
47, 59, -91, 2400
47, 60, -30, 2569
47, 61, 16, 2505
47, 62, -26, 2544
47, 63, -61, 1272
47, 64, 8, 949
47, 65, 43, 888
47, 66, 5, 182
47, 67, -52, 1400
47, 68, -20, 1516
47, 69, 7, 1229
47, 70, -11, 301
47, 71, 24, 430
47, 72, -37, 493
47, 73, -1, 1697
48, 49, -41, 541
48, 50, -1, 1262
48, 51, -30, 991
48, 52, 27, 493
48, 53, -19, 1538
48, 54, 42, 899
48, 55, -76, 911
48, 56, -2, 1221
48, 57, 85, 1165
48, 58, -63, 1553
48, 59, -83, 1194
48, 60, -12, 1592
48, 61, -56, 1537
48, 62, -23, 1542
48, 63, -44, 688
48, 64, -5, 688
48, 65, -6, 860
48, 66, -15, 1799
48, 67, -25, 349
48, 68, -16, 180
48, 69, 12, 589
48, 70, 9, 1403
48, 71, 7, 1244
48, 72, 34, 1289
48, 73, 4, 104
49, 50, -116, 1162
49, 51, 166, 1055
49, 52, -63, 578
49, 53, 122, 1251
49, 54, 47, 858
49, 55, 78, 1009
49, 56, -3, 692
49, 57, 84, 1062
49, 58, 100, 1331
49, 59, 433, 1115
49, 60, 38, 1392
49, 61, 104, 1328
49, 62, 65, 1352
49, 63, 24, 146
49, 64, 22, 423
49, 65, 9, 438
49, 66, 9, 1484
49, 67, 129, 192
49, 68, 52, 361
49, 69, 5, 91
49, 70, 8, 1191
49, 71, 14, 1051
49, 72, 0, 888
49, 73, 6, 550
50, 51, 45, 2171
50, 52, 14, 1649
50, 53, 27, 2374
50, 54, -20, 363
50, 55, 183, 2107
50, 56, -85, 1523
50, 57, -16, 101
50, 58, -20, 384
50, 59, 194, 74
50, 60, 55, 383
50, 61, 39, 352
50, 62, -12, 328
50, 63, -25, 1170
50, 64, -35, 1586
50, 65, -29, 1555
50, 66, -20, 2577
50, 67, -23, 1183
50, 68, -34, 1191
50, 69, 3, 1245
50, 70, 35, 2345
50, 71, 4, 2211
50, 72, -25, 1954
50, 73, -6, 1166
51, 52, 160, 524
51, 53, 100, 868
51, 54, 72, 1825
51, 55, -127, 91
51, 56, 44, 1308
51, 57, 31, 2069
51, 58, 157, 2381
51, 59, 298, 2112
51, 60, 47, 2439
51, 61, 94, 2376
51, 62, 69, 2396
51, 63, 19, 1122
51, 64, 58, 679
51, 65, 56, 871
51, 66, 20, 1114
51, 67, 151, 989
51, 68, 55, 994
51, 69, 33, 997
51, 70, 27, 646
51, 71, 54, 525
51, 72, 63, 956
51, 73, 3, 1094
52, 53, 28, 1080
52, 54, 14, 1301
52, 55, -299, 458
52, 56, -18, 1050
52, 57, -13, 1547
52, 58, 87, 1876
52, 59, 309, 1589
52,60, -13, 1929
52, 61, 28, 1868
52, 62, -51, 1885
52, 63, 36, 682
52, 64, -56, 356
52, 65, -37, 595
52, 66, 21, 1346
52, 67, 17, 474
52, 68, 26, 470
52, 69, -36, 546
52, 70, 14, 923
52, 71, -39, 763
52, 72, -57, 923
52, 73, 8, 591
53, 54, -10, 2103
53, 55, -185, 939
53, 56, -5, 976
53, 57, -26, 2279
53, 58, 69, 2447
53, 59, 299, 2338
53, 60, -17, 2519
53, 61, 47, 2455
53, 62, -13, 2492
53, 63, -28, 1208
53, 64, -17, 872
53, 65, -27, 823
53, 66, -14, 265
53, 67, 51, 1325
53, 68, -1, 1438
53, 69, 0, 1160
53, 70, -11, 229
53, 71, -2, 348
53, 72, -41, 452
53, 73, -1, 1618
54, 55, -114, 1758
54, 56, -4, 1342
54, 57, 97, 268
54, 58, -101, 693
54, 59, -174, 295
54, 60, -11, 717
54, 61, -136, 670
54, 62, -1, 664
54, 63, -26, 898
54, 64, 8, 1275
54, 65, -8, 1281
54, 66, -51, 2325
54, 67, -105, 846
54, 68, -66, 836
54, 69, -25, 947
54, 70, 23, 2050
54, 71, 32, 1908
54, 72, 75, 1709
54, 73, 4, 803
55, 56, 119, 1311
55, 57, 181, 2006
55, 58, 270, 2328
55, 59, 125, 2047
55, 60, 39, 2384
55,61, 127, 2321
55, 62, 53, 2340
55, 63, 78, 1086
55, 64, 62, 655
55, 65, 78, 863
55, 66, 75, 1190
55, 67, 274, 929
55, 68, 142, 923
55, 69, 45, 958
55, 70, 37, 722
55, 71, 45, 592
55, 72, 29, 992
55, 73, 10, 1014
56, 57, -8, 1442
56, 58, 72, 1515
56, 59, -255, 1507
56, 60, -10, 1592
56, 61, 22, 1529
56, 62, -21, 1573
56, 63, 0, 555
56, 64, -7, 700
56, 65, -17, 461
56, 66, 0, 1113
56, 67, 80, 875
56, 68, 36, 1046
56, 69, -14, 632
56, 70, -28, 1054
56, 71, -5, 990
56, 72, -22, 525
56, 73, -4, 1241
57, 58, -131, 441
57, 59, -175, 65
57, 60, -6, 454
57, 61, -144, 413
57, 62, 9, 400
57, 63, -22, 1073
57, 64, -28, 1486
57, 65, -3, 1459
57, 66, -63, 2486
57, 67, -119, 1082
57, 68, -95, 1091
57, 69, -37, 1146
57, 70, -84, 2247
57, 71, 14, 2112
57, 72, 70, 1863
57, 73, 0, 1070
58, 59, -311, 454
58, 60, -77, 78
58, 61, 22,36
58, 62, 65, 87
58, 63, 45, 1296
58, 64, 50, 1744
58, 65, 66, 1660
58, 66, 27, 2620
58, 67, 141, 1401
58, 68, 107, 1449
58, 69, 13, 1400
58, 70, 21, 2456
58, 71, 7, 2338
58, 72, 62, 2003
58, 73, 10, 1466
59, 60, 120, 456
59, 61, 139, 423
59, 62, 190, 402
59, 63, 142, 1131
59, 64, 55, 1538
59, 65, 150, 1517
59, 66, 40, 2547
59, 67, 307, 1127
59, 68, 180, 1128
59, 69, 52, 1200
59, 70, 64, 2303
59, 71, 64, 2166
59, 72, 200, 1924
59, 73, 14, 1098
60, 61, -28, 65
60, 62, -19, 54
60, 63, 30, 1361
60, 64, 18, 1807
60, 65, -22, 1729
60, 66, -2, 2695
60, 67, 10, 1455
60, 68, 26, 1496
60, 69, -10, 1462
60, 70, 3, 2525
60, 71, 1, 2406
60, 72, -8, 2077
60, 73, 1, 1503
61, 62, -7, 54
61, 63, 10, 1296
61, 64, 40, 1743
61, 65, 29, 1664
61, 66, 31, 2631
61, 67, 134, 1393
61, 68, 124, 1437
61, 69, 14, 1398
61, 70, 10, 2460
61, 71, 17, 2341
61, 72, 33, 2013
61, 73, 12, 1449
62, 63, 2, 1326
62, 64, -13, 1770
62, 65, -5, 1697
62, 66, 11, 2672
62, 67, -70, 1411
62, 68, -1, 1448
62, 69, 10, 1424
62, 70, -2, 2494
62, 71, -18, 2372
62, 72, -55, 2052
62, 73, 1, 1452
63, 64, -4, 453
63, 65, 3, 386
63, 66, 6, 1427
63, 67, -57, 339
63, 68, 33, 508
63, 69, 33, 135
63, 70, -1, 1176
63, 71, -10, 1048
63, 72, 10, 813
63, 73, 2, 694
64, 65, 8, 240
64, 66, -7, 1125
64, 67, -41, 455
64, 68, 22, 568
64, 69, -6, 345
64, 70, 3, 780
64, 71, 10, 634
64, 72, -36, 605
64, 73, -2, 756
65, 66, 17, 1047
65, 67, -75, 557
65, 68, -71, 709
65, 69, -9, 348
65, 70, -15, 796
65, 71, -5, 678
65, 72, 26, 452
65, 73, 4, 909
66, 67, -51, 1572
66, 68, -16, 1692
66, 69, 1, 1393
66, 70, -10, 467
66, 71, -11, 608
66, 72, -2, 624
66, 73, 2, 1876
67, 68, 29, 171
67, 69, 28, 244
67, 70, 19, 1233
67, 71, 25, 1082
67, 72, 91, 1008
67, 73, 7, 367
68, 69, 14, 414
68, 70, 3, 1324
68, 71, 19, 1168
68, 72, 40, 1152
68, 73, 7, 201
69, 70, -3, 1104
69, 71, 0, 966
69, 72, -12, 799
69, 73, 7, 611
70, 71, 5, 159
70, 72, -7, 542
70, 73, 2, 1490
71, 72, 3, 513
71, 73, 3, 1332
72, 73, -3, 1349