county1, county2, distance, net_mig
0, 1, 2236, 57
0, 2, 1967, 28
0, 3, 955, -140
0, 4, 2426, -126
0, 5, 865, 108
0, 6, 1454, 48
0, 7, 392, 73
0, 8, 1454, 72
0, 9, 1821, 179
0, 10, 2141, 114
0, 11, 1452, 118
0, 12, 1739, 25
0, 13, 1931, -208
0, 14, 927, -346
0, 15, 2411, -216
0, 16, 1390, -557
0, 17, 2360, -194
0, 18, 2340, -20
0, 19, 944, -230
0, 20, 975, 32
0, 21, 2280, -13
0, 22, 2529, -48
0, 23, 2028, -85
0, 24, 2083, -40
0, 25, 137, 91
0, 26, 2102, -262
0, 27, 2311, -218
0, 28, 2011, -112
0, 29, 1607, 265
0, 30, 1550, -261
0, 31, 2376, 88
0, 32, 2539, -460
0, 33, 1490, -351
0, 34, 1962, -310
0, 35, 236, 44
0, 36, 680, -181
0, 37, 1362, -139
0, 38, 307, 455
0, 39, 1158, 43
0, 40, 2037, -69
0, 41, 605, 94
0, 42, 1920, -25
0, 43, 2270, 55
0, 44, 2546, 138
0, 45, 1812, 84
0, 46, 546, 50
0, 47, 2544, -126
0, 48, 1561, 12
0, 49, 1361, 86
0, 50, 357, 290
0, 51, 2408, 261
0, 52, 1898, 68
0, 53, 2493, 73
0, 54, 687, 37
0, 55, 2353, 228
0, 56, 1568, 38
0, 57, 426, 77
0, 58, 64, 76
0, 59, 430, 271
0, 60, 31, -32
0, 61, 39, 53
0, 62, 30, 156
0, 63, 1332, 67
0, 64, 1778, 38
0, 65, 1701, 9
0, 66, 2670, 20
0, 67, 1424, 71
0, 68, 1465, 42
0, 69, 1433, 50
0, 70, 2498, 12
0, 71, 2377, 20
0, 72, 2051, 112
0, 73, 1473, 17
1, 2, 269, 82
1, 3, 1285, 35
1, 4, 195, 511
1, 5, 1498, -25
1, 6, 1292, -41
1, 7, 1909, -108
1, 8, 1043, -92
1, 9, 418, -254
1, 10, 109, 32
1, 11, 1070, -119
1, 12, 518, 96
1, 13, 473, -110
1, 14, 1312, -49
1, 15, 191, 156
1, 16, 846, 230
1, 17, 312, -53
1, 18, 707, -150
1, 19, 1306, 151
1, 20, 1577, -48
1, 21, 171, -448
1, 22, 301, -40
1, 23, 292, 104
1, 24, 163, -74
1, 25, 2139, 4
1, 26, 522, 423
1, 27, 303, -64
1, 28, 257, 193
1, 29, 1135, -264
1, 30, 752, 2731
1, 31, 876, -74
1, 32, 311, 1305
1, 33, 769, 4
1, 34, 342, -55
1, 35, 2125, -56
1, 36, 2108, -9
1, 37, 874, -2
1, 38, 2125, -391
1, 39, 1290, -39
1, 40, 206, -54
1, 41, 1850, -120
1, 42, 329, -52
1, 43, 363, -54
1, 44, 1027, -179
1, 45, 446, -34
1, 46, 2147, -43
1,47, 317, 311
1, 48, 1335, -20
1, 49, 1005, -55
1, 50, 2117, -155
1, 51, 828, -159
1, 52, 911, -92
1, 53, 257, -65
1, 54, 1852, -56
1, 55, 880, -149
1, 56, 735, -22
1, 57, 2024, -103
1, 58, 2190, -116
1, 59, 2083, -210
1, 60, 2262, 38
1, 61, 2198, -41
1, 62, 2235, -130
1, 63, 955, -35
1, 64, 651, -45
1, 65, 571, -25
1, 66, 479, -35
1, 67, 1094, -75
1, 68, 1219, -60
1, 69, 914, -13
1, 70, 332, -11
1, 71, 331, -41
1, 72, 212, -81
1, 73, 1407, 0
2, 3, 1018, 34
2, 4, 462, 234
2, 5, 1243, 1
2, 6, 1104, -43
2, 7, 1643, -112
2, 8, 835, -24
2, 9, 151, -86
2, 10, 178, 177
2, 11, 864, -54
2, 12, 261, 93
2, 13, 353, -19
2, 14, 1044, 5
2, 15, 452, 38
2, 16, 576, 173
2, 17, 484, 36
2, 18, 768, -152
2, 19, 1040, 108
2, 20, 1337, -23
2, 21, 345, -35
2, 22, 564, 39
2, 23, 214, 12
2, 24, 133, -74
2, 25, 1871, -24
2, 26, 506, 226
2, 27, 449, 222
2, 28, 135, -56
2, 29, 969, -129
2, 30, 503, 1518
2, 31, 924, -93
2, 32, 574, 1006
2, 33, 512, 8
2, 34, 204, 34
2, 35, 1859, -60
2, 36, 1851, -22
2, 37, 606, 5
2, 38, 1860, -356
2, 39, 1053, -14
2, 40, 81, -114
2, 41, 1593, -141
2, 42, 107, -52
2, 43, 465, -40
2, 44, 1101, -40
2,45, 198, 33
2, 46, 1885, -169
2, 47, 580, 308
2, 48, 1167, -22
2, 49, 770, -24)
2, 50, 1854, 2
2, 51, 893, -91
2, 52, 811, -55
2, 53, 526, -76
2, 54, 1600, -72
2, 55, 919, -75
2, 56, 487, 0
2, 57, 1762, -74
2, 58, 1920, -76
2, 59, 1822, -135
2, 60, 1993, 72
2, 61, 1928, -39
2, 62, 1966, -92
2, 63, 702, -35
2, 64, 485, -50
2, 65, 332, -25
2, 66, 726, 1
2, 67, 885, -50
2, 68, 1029, -45
2, 69, 680, -43
2, 70, 569, -7
2, 71, 505, -31
2, 72, 122, -78
2, 73, 1226, -3
3, 4, 1473, -300
3, 5, 341, 172
3, 6, 777, 77
3, 7, 627, 117
3, 8, 620, 131
3, 9, 877, 132
3, 10, 1194, -237
3, 11, 634, 168
3, 12, 808, -144
3, 13, 985, -362
3, 14, 29, -437
3, 15, 1457, -336
3, 16, 444, -609
3, 17, 1407, -267
3, 18, 1429, -10
3, 19, 57, -267
3, 20, 554, 39
3, 21, 1344, -88
3, 22, 1582, -153
3, 23, 1073, -172
3, 24, 1130, -112
3, 25, 853, 137
3, 26, 1170, -381
3, 27, 1358, -378
3, 28, 1055, -203
3, 29, 844, 386
3, 30, 666, -278
3, 31, 1496, 270
3, 32, 1592, -614
3, 33, 535, -616
3, 34, 1007, -444
3, 35, 842, 51
3, 36, 1025, -25
3, 37, 411, -274
3, 38, 849, 621
3, 39, 439, 51
3, 40, 1091, 0
3, 41, 626, 152
3, 42, 965, 164
3, 43, 1321, 54
3, 44, 1681, 339
3, 45, 880, 101
3, 46, 1003, 58
3, 47, 1597, -130
3, 48, 908, 19
3, 49, 473, 146
3, 50, 848, 388
3, 51, 1515, 527
3, 52, 1051, 109
3, 53, 1543, 102
3, 54, 667, 63
3, 55, 1475, 409
3, 56, 683, 87
3, 57, 763, 97
3, 58, 913, 166
3, 59, 826, 431
3, 60, 983, -2
3, 61, 918, 97
3, 62, 952, 291
3, 63, 395, 127
3, 64, 849, 101
3, 65, 747, -26
3, 66, 1734, 71
3, 67, 616, 119
3, 68, 742,74
3, 69, 518, 118
3, 70, 1542, 8
3, 71, 1424, 11
3, 72, 1110, 68
3, 73, 869,6
4, 5, 1672, 22
4, 6, 1418, -39
4, 7, 2093, -6
4, 8, 1186, 14
4, 9, 613, -347
4, 10, 302, -418
4, 11, 1210, -56
4, 12, 713, -169
4, 13, 595, 443
4, 14, 1500, 285
4, 15, 35, 178
4, 16, 1037, 654
4, 17, 258, 355
4, 18, 683, 86
4, 19, 1491, 353
4, 20, 1736, -6
4, 21, 262, -229
4, 22, 161, -92
4, 23, 432, -40
4, 24, 343, -47
4, 25, 2327, 81
4, 26, 578, 45
4, 27, 282, 606
4, 28, 423, -161
4, 29, 1248, -7
4, 30, 947, -558
4, 31, 851, 13
4, 32, 167, -93
4, 33, 949, 488
4, 34, 493, 335
4, 35, 2310, -24
4, 36, 2304, -10
4, 37, 1064, 162
4, 38, 2307, -133
4, 39, 1450, -2
4, 40, 402, -45
4, 41, 2025, -126
4, 42, 509, -93
4, 43, 363, 23
4,44, 974, 21
4, 45, 642, -47
4, 46, 2343, -90
4, 47, 174, 85
4, 48, 1446, -9
4, 49, 1167, 17
4, 50, 2298, 30
4, 51, 792, -69
4, 52, 988, 66
4, 53, 92, -51
4, 54, 2022, -28
4, 55, 860, 4
4, 56, 930, -61
4, 57, 2203, -59
4, 58, 2381, -35)
4, 59, 2261, -7
4, 60, 2453, 12
4, 61, 2388, -5
4, 62, 2424, 39
4, 63, 1130, -7
4, 64, 783, -1
4, 65, 744, 40
4, 66, 357, -11
4, 67, 1236, -35
4, 68, 1347, -9
4, 69, 1077, 23
4, 70, 178, 2
4, 71, 267, 49
4, 72, 405, -11
4, 73, 1526, -7
5, 6, 612, 23
5, 7, 475, 35
5, 8, 591, 30
5, 9, 1119, 113
5, 10, 1421, 95
5, 11, 588, 54
5, 12, 1075, 13
5, 13, 1117, -62
5, 14, 339, -111
5, 15, 1651, -26
5, 16, 714, -182
5, 17, 1558, -45
5, 18, 1484, -46
5, 19, 286, -97
5, 20, 228, 16
5, 21, 1585, -15
5, 22, 1800, 7
5, 23, 1246, 2
5, 24, 1336, 12
5, 25, 735, 55
5, 26, 1266, -74
5, 27, 1508, -46
5, 28, 1248, -16
5, 29, 747, 100
5, 30, 977, -80
5, 31, 1512, 29
5, 32, 1809, -159
5, 33, 731, -203
5, 34, 1181, -70
5, 35, 681, 23
5, 36, 1160, 55
5, 37, 672, -70
5, 38, 658, 198
5, 39, 293, 15
5, 40, 1322,-19
5, 41, 353, 40
5, 42, 1169, -16
5, 43, 1455, -27
5, 44, 1681, -32
5, 45, 1141, 12
5, 46, 1098, -6
5, 47, 1815, -97
5, 48, 734, 5
5, 49, 522, 61
5, 50, 639, 14
5, 51, 1547, 113
5, 52, 1034, 11
5, 53, 1751, 22
5, 54, 359, 26
5, 55, 1489, 104
5, 56, 992, -27
5, 57, 540, 33
5, 58, 844, 48
5, 59, 593, 103
5, 60, 895, -9
5, 61, 834, 36
5, 62, 851, -10
5, 63, 543, -14
5, 64, 946, -11
5, 65, 928, -8
5, 66, 1969, 20
5, 67, 559, 42
5, 68, 610, 26
5, 69, 606, -13
5, 70, 1709, 4
5, 71, 1573, -10
5, 72, 1351, 45
5, 73, 663, 2
6, 7, 1063, 42
6, 8, 283, -47
6, 9, 1044, 90
6, 10, 1256, 127
6, 11, 251, -67
6, 12, 1067, 75
6, 13, 824, 26
6, 14, 798, -53
6, 15, 1387, 16
6, 16, 829, -72
6, 17, 1226, -7
6, 18, 1010, -18
6, 19, 732, -26
6, 20, 486, 11
6, 21, 1431, 20
6, 22, 1572, 49
6, 23, 1000, 40
6, 24, 1139, 63
6, 25, 1319, -49
6, 26, 879, -27
6, 27, 1179, 39
6, 28, 1042, 23
6, 29, 189, -78
6, 30, 1110, -27
6, 31, 988, -43
6, 32, 1580, -65
6, 33, 702, -72
6, 34, 952, 9
6, 35, 1245, 3
6, 36, 1759, 51
6, 37, 790, -29
6, 38, 1201, -82
6, 39, 346, -31
6, 40, 1183, -3
6, 41, 866, 54
6, 42, 1001, 27
6, 43, 1106, 2
6, 44, 1130, -22
6, 45, 1105, 15
6, 46, 1706, 8
6, 47, 1587, -56
6, 48,130, 7
6, 49, 426, -39
6, 50, 1168, -51
6, 51, 1037, -60
6, 52, 518, -29
6, 53, 1509, 7
6, 54, 808, 28
6, 55, 963, -106
6, 56, 1116, -41
6, 57, 1069, 35
6,58, 1442, -64
6, 59, 1103, -83
6, 60, 1485, -46
6, 61, 1428, -53
6, 62, 1436, -56
6, 63, 572, -33
6, 64, 641, -3
6, 65, 784, -12
6, 66, 1764, 26
6, 67, 241, -17
6, 68, 75, 14
6, 69, 485, -5
6, 70, 1391, 4
6, 71, 1234, 17
6, 72, 1227, 42
6, 73, 126, 0
7, 8, 1067, -63
7, 9, 1504, 155
7, 10, 1820, 153
7, 11, 1064, -81
7, 12, 1435, 128
7, 13, 1569, 40
7, 14, 603, -83
7, 15, 2075, 59
7, 16, 1072, -118
7, 17, 2005, 38
7, 18, 1958, -10
7, 19, 602, -37
7, 20, 588, -28
7, 21, 1972, 56
7, 22, 2207, 62
7, 23, 1680, 43
7, 24, 1750, 105
7, 25, 260, -82
7, 26, 1730, 6
7, 27, 1955, 55
7, 28, 1671, 118
7, 29, 1215, -110
7, 30, 1277, 4
7, 31, 1988, -57
7, 32, 2217, -78
7, 33, 1145, -70
7, 34, 1614, 1
7, 35, 217, -88
7, 36, 853, 43
7, 37, 1038, -38
7, 38, 223, -121
7, 39, 768, -68
7, 40, 1717, -6
7, 41, 243, 126
7, 42, 1584, 24
7, 43, 1909, -5
7, 44, 2156, -19
7, 45, 1507, 49
7, 46, 751, 18
7, 47, 2223, -42
7, 48, 1172, -13
7, 49, 985, -28
7, 50, 232, -64
7, 51, 2022, -85
7, 52, 1509, -38
7, 53, 2166, 4
7, 54, 338, 39
7, 55, 1965, -109
7, 56, 1295, 16
7, 57, 179, 74
7, 58, 380, -80
7, 59, 240, -114
7, 60, 423, -50
7, 61, 364, -68
7, 62, 376, -72
7, 63, 973, -80
7, 64, 1407, -4
7, 65, 1354, -36
7,66, 2362, -47
7, 67, 1035, -46
7, 68, 1073, -10
7, 69, 1062, -7
7, 70, 2149, 7)
7, 71, 2021, 8
7, 72, 1738, 74
7, 73, 1086, 2
8, 9, 765, 58
8, 10, 995, 96
8, 11, 31, 105
8, 12, 784, 70
8, 13, 592, -22
8, 14, 647, -98
8, 15, 1159, -2
8, 16, 560, -141
8, 17, 1023, 3
8, 18, 895, -48
8, 19, 590, -53
8, 20, 572, 31
8, 21, 1171, 14
8, 22, 1334, 25
8, 23, 757, 20
8, 24, 884, 52
8, 25, 1326, 9
8, 26, 698, -34
8, 27, 973, -20
8, 28, 787, -18
8, 29, 240, -136
8, 30, 833, -5
8, 31, 922, -55
8, 32, 1343, -123
8, 33, 420, -135
8, 34, 701, -67
8, 35, 1272, 49
8, 36, 1644, 6
8, 37, 524, -49
8, 38, 1244, 315
8, 39, 304, 30
8, 40, 916, -27
8, 41, 919, 100
8, 42, 735, -25
8, 43, 909, -25
8, 44, 1094, -64
8, 45, 823, 3
8, 46, 1613, 12
8, 47, 1349, -72
8, 48, 383, 14
8, 49, 170, -34
8, 50, 1220, -65
8, 51, 955, -98
8, 52, 448, -57
8, 53, 1274, -5
8, 54, 888, 53
8, 55, 899, -153
8, 56, 838, 6
8, 57, 1119, 82
8, 58, 1429, 70
8, 59, 1166, -51
8, 60, 1484, -5
8, 61, 1422, 25
8, 62, 1441, -19
8, 63, 314, -8
8, 64, 405, 1
8, 65, 508, 4
8, 66, 1522, 19
8, 67, 50, 70
8, 68, 210, 45
8, 69, 206, -8
8, 70, 1184, 5
8, 71, 1034, 8
8, 72, 958, 47
8, 73, 410, 8
9, 10, 320, 568
9, 11, 796, -194
9, 12, 117, 375
9, 13, 396, 77
9, 14, 902, -102
9, 15, 603, 383
9, 16, 432, 705
9, 17, 626, 94
9, 18, 866, -230
9, 19, 902, 190
9, 20, 1230, -68
9, 21, 469, 109
9, 22, 707, 196
9, 23, 317, 289
9, 24, 282, 119
9, 25, 1727, -79
9, 26, 585, 382
9, 27, 587, 460
9, 28, 251, 297
9, 29, 929, -261
9, 30, 358, -792
9, 31, 1010, -206
9, 32, 717, 1104
9, 33, 395, -65
9, 34, 277, 322
9, 35, 1719, -90
9, 36, 1700, 18
9, 37, 465, -75
9, 38, 1723, -701
9, 39, 951, -32
9, 40, 215, 19
9, 41, 1466, -283
9, 42, 167, -26
9, 43, 592, -55
9, 44, 1195, -185
9, 45, 80, -276
9, 46, 1734, 12
9, 47, 722, 407
9, 48, 1122, -21
9, 49, 674, -140
9, 50, 1719, -182
9, 51, 988, -320
9, 52, 824, -108
9, 53, 673, -26
9, 54, 1478, -88
9, 55, 1003, -220
9, 56, 344, 35
9, 57, 1628, -140
9, 58, 1773, -152
9, 59, 1690, -313
9, 60, 1847, 34
9, 61, 1782, -52
9, 62, 1821, -173
9, 63, 586, -80
9, 64, 473, -99
9, 65, 261, -75
9, 66, 858, 46
9, 67, 813, -130
9, 68, 969, -104
9, 69, 588, -65
9, 70, 719, -18
9, 71, 646, -28
9, 72, 234, 27
9, 73, 1170, -13
10, 11, 1023, -145
10, 12, 413, 188
10, 13, 456, -143
10, 14, 1220, 63
10, 15, 300, 96
10, 16, 751, 212
10, 17, 401, 89
10, 18, 767, -319
10, 19, 1218, 462
10, 20, 1511, -88
10, 21, 176, 130
10, 22, 388, -571
10, 23, 277, 222
10, 24, 123, -85
10, 25, 2047, -130
10, 26, 549, 499
10, 27, 383, 281
10, 28, 216, 1
10, 29, 1108, -399
10, 30, 644, 4301
10, 31, 933, -153
10, 32, 398, 2279
10, 33, 690, 183
10, 34, 308, 233
10, 35, 2036, -83
10, 36, 2001, -43
10, 37, 783, 60
10, 38, 2038, -758
10, 39, 1226, -97
10, 40, 104, 56
10, 41, 1772, -274
10, 42, 261, -151
10, 43, 429, -68
10, 44, 1094, -208
10, 45, 340, -156
10, 46, 2042, -179
10, 47, 403, 635
10, 48, 1308, -28
10, 49, 942, -113
10, 50, 2033, -236
10, 51, 890, -244
10, 52, 912, -174
10, 53, 354, -193
10, 54, 1778, -137
10, 55, 934, -158
10, 56, 627, -76
10, 57, 1940, -224
10, 58, 2093, -190
10, 59, 2001, -260
10, 60, 2167, 53
10, 61, 2102, -71
10, 62, 2141, -205
10, 63, 879, -97
10, 64, 620, -99
10, 65, 503, -65
10, 66, 547, -8
10, 67, 1046, -135
10, 68, 1181, -80
10, 69, 851, -68
10, 70, 440, -32
10, 71, 422, -61
10, 72, 103, -69
10, 73, 1375, -29
11, 12, 816, 84
11, 13, 615, -24
11, 14, 660, -130
11, 15, 1182, 14
11, 16, 590, -197
11, 17, 1043, 48
11, 18, 903, -31
11, 19, 602, -91
11, 20, 557, 25
11, 21, 1199, 79
11, 22, 1359, 96
11, 23, 782, 74
11, 24, 911, 137
11, 25, 1324, -74
11, 26, 714, -43
11, 27, 994, 16
11, 28, 814, 34
11, 29, 217, -167
11, 30, 863, -40
11, 31, 924, -121
11, 32, 1367, -147
11, 33, 451, -178
11, 34, 728, -50
11, 35, 1267, 63
11, 36, 1655, 87
11, 37, 553, -58
11, 38, 1238, -227
11, 39, 297, 42
11, 40, 944, 1
11, 41, 910, 92
11, 42, 764, 35
11, 43, 928, -3
11, 44, 1094, -85
11, 45, 854, 14
11, 46, 1622, -8
11, 47, 1374, -109
11, 48, 352, 18
11, 49, 195, -62
11, 50, 1212, -114
11, 51, 960, -163
11, 52, 446, -86
11, 53, 1299, -60
11, 54, 876, 58
11, 55, 901, -235
11, 56, 869, -38
11, 57, 1111, 73
11, 58, 1429, 140
11, 59, 1157, -109
11, 60, 1483, -14
11, 61, 1421, 24
11, 62, 1439, -41
11, 63, 341, -19
11, 64, 428, 21
11, 65, 538, 14
11, 66, 1547, 55
11, 67, 29, 88
11, 68, 178, 67
11, 69, 236, -3
11, 70, 1205,19
11, 71, 1054, 20
11, 72, 987, 54
11, 73, 378, 1
12, 13, 497, -71
12, 14, 832, 182
12, 15, 707, 72
12, 16, 366, 582
12, 17, 742, 184
12, 18, 978, -115
12, 19, 839, 542
12, 20, 1205, -78
12, 21, 541, -111
12, 22, 794, -131
12, 23, 433, 58
12, 24, 394, -178
12, 25, 1651, -59
12, 26, 694, 832
12, 27, 704, 108
12, 28, 369, 33)
12, 29, 971, -256
12, 30, 242, 2146
12, 31, 1119, -57
12, 32, 804, 2768
12, 33, 380, 291
12, 34, 390, 170
12, 35, 1648, -103
12, 36, 1592, -178
12, 37, 405, 56
12, 38, 1657, -582
12, 39, 935, -53
12, 40, 311, -111
12, 41, 1414, -272
12, 42, 283, -122
12, 43, 709, -116
12, 44, 1306, -96
12, 45, 73, -110
12, 46, 1629, -44
12, 47, 809, 721
12, 48, 1155, -38
12, 49, 671, -21
12, 50, 1656, -89
12, 51, 1099, -110
12, 52, 901, -124
12, 53, 767, -128
12, 54, 1434, -88
12, 55, 1110, -177
12, 56, 227, -117
12, 57, 1568, -198
12, 58, 1689, -161
12, 59, 1631, -243
12, 60, 1764, 118
12, 61, 1700, -106
12, 62, 1740, -100
12, 63, 563, -53
12, 64, 544, -109
12, 65, 310, -36
12, 66, 931, -139
12, 67, 830, -120
12, 68, 993, -40
12, 69, 592, -28
12, 70, 830, -23
12, 71, 763, -77
12, 72, 315, -171
12, 73, 1194, -15
13, 14, 1015, 327
13, 15, 567, -389
13, 16, 617, 477
13, 17, 441, -491
13, 18, 499, 264
13, 19, 988, -188
13, 20, 1154, -17
13, 21, 625, 47
13, 22, 748, -16
13, 23, 181, -159
13, 24, 333, -338
13, 25, 1818, 92
13, 26, 210, -679
13, 27, 390, -401
13, 28, 242, -178
13, 29, 662, 125
13, 30, 704, -1067
13, 31, 626, 139
13, 32, 756, -652
13, 33, 458, 833
13, 34, 152, -18
13, 35, 1785,-13
13, 36, 1945, 172
13, 37, 623, 306
13, 38, 1772, 91
13, 39, 870, -35
13, 40, 412, 62
13, 41, 1468, -61
13, 42, 252, 117
13, 43, 339, 124
13, 44, 817, 216
13, 45, 476, 116
13, 46, 1954, 23
13, 47, 763, 72
13, 48, 862, -12
13, 49, 596, 66
13, 50, 1756, 135
13, 51, 614, 167
13, 52, 461, 80
13, 53, 685, 37
13, 54, 1454, -39)
13, 55, 616, 7
13, 56, 695, -19
13, 57, 1657, -40
13, 58, 1894, -52
13, 59, 1711, 54
13, 60, 1960, 15
13, 61, 1895, 6
13, 62, 1925, 145
13, 63, 598, 41
13, 64, 187, -2
13, 65, 264, 74
13, 66, 940, -12
13, 67, 642, 0
13, 68, 752, -7
13, 69, 511, 65
13, 70, 596, 21
13, 71, 455, -55
13, 72, 462, 4
13, 73, 936, 5
14, 15, 1484, -335
14, 16, 469, -748
14, 17, 1436, -323
14, 18, 1459, 27
14, 19, 67, -269
14, 20, 557, 31
14, 21, 1369, -28
14, 22, 1608, -174
14, 23, 1101, -233
14, 24, 1157, -174
14, 25, 826, 96
14, 26, 1199, -350
14, 27, 1387, -374
14, 28, 1083, -292
14, 29, 869, 320
14, 30, 684, -521
14, 31, 1525, 215
14, 32, 1618, -675
14, 33, 564, -306
14, 34, 1036, -426
14, 35, 817, 45
14, 36, 997, 24
14, 37, 437, -18
14, 38, 825, 484
14, 39, 457, 40
14, 40, 1117, 116
14, 41, 611, 99
14, 42, 993, 109
14, 43, 1350, 100
14, 44, 1710, 324
14, 45, 904, 79
14, 46, 974, 50
14, 47, 1624, -237
14, 48, 929, 15
14, 49, 501, 93
14, 50, 826, 364
14, 51, 1544, 404
14, 52, 1079, 121
14, 53, 1570, 112
14, 54, 655, 51
14, 55, 1505, 303
14, 56, 701, 72
14, 57, 742, 60
14, 58, 885, 117
14, 59, 806, 337
14, 60, 955, -8
14, 61, 890, 70
14, 62, 924, 242
14, 63, 425, 107
14, 64, 878, 94
14, 65, 775, 50
14, 66, 1759, 13
14, 67, 641, 82
14, 68, 764, 55
14, 69, 547, 77
14, 70, 1570, 11
14, 71, 1453, -24
14, 72, 1136, 52
14, 73, 887, 9
15, 16, 1023, 825
15, 17, 223, 270
15, 18, 649, 113
15, 19, 1474, 613
15, 20, 1711, -11
15, 21, 281, -134
15, 22, 196, -46
15, 23, 407, -237
15, 24, 328, -147
15, 25, 2311, 17
15, 26, 544, 57
15, 27, 247, 358
15, 28, 404, -21
15, 29, 1217, -5
15, 30, 943, -745
15, 31, 817, 44
15, 32, 201, -952
15, 33, 930, 441
15, 34, 470, 183
15, 35, 2292, -9
15, 36, 2299, -1
15, 37, 1049, 180
15, 38, 2288, -160
15, 39, 1425, -23
15, 40, 396, -57
15, 41, 2004, -104
15, 42, 491, -51
15, 43, 328, 87
15, 44, 941, 109
15, 45, 637, -76
15, 46, 2336, -69
15, 47, 208, 37
15, 48, 1414, -10
15, 49, 1143, -7
15, 50, 2278, 94
15, 51, 758, 19
15, 52, 955, 101
15, 53, 125, -17)
15, 54, 1999, -36
15, 55, 826, 64
15, 56, 926, 17
15, 57, 2183, -85
15, 58, 2366, -92
15, 59, 2241, 28
15, 60, 2438, 34
15, 61, 2373, -28
15, 62, 2409, -22
15, 63, 1109,25
15, 64, 754, -20
15, 65, 723, 33
15, 66, 391, -90
15, 67, 1209, -60
15, 68, 1317, -7
15, 69, 1053, -1
15, 70, 157, -27
15, 71, 233, 42
15, 72, 403, -53
15, 73, 1495, -4
16, 17, 999, -676
16, 18, 1107, 455
16, 19, 473, -527
16, 20, 862, 40
16, 21, 899, -213
16, 22, 1140, -500
16, 23, 660, -602
16, 24, 695, -419
16, 25, 1295, 112
16, 26, 823, -560
16, 27, 952, -1030
16, 28, 629, -623
16, 29, 791, 468
16, 30, 290,-1006
16, 31, 1211, 297
16, 32, 1150, -897
16, 33, 184, 1019
16, 34, 597, 159
16, 35, 1287, 87
16, 36, 1329, 52
16, 37, 44, 302
16, 38, 1293, 687
16, 39, 614, 70
16, 40, 648, 121
16, 41, 1049, 177
16, 42, 535, 35
16, 43, 929, 68
16, 44, 1403, 436
16, 45, 436, 8
16, 46, 1344, 26
16, 47, 1155, -320
16, 48, 941, 24
16, 49, 402, 157
16, 50, 1290, 448
16, 51, 1213, 595
16, 52, 853, 265
16, 53, 1103, 49
16, 54, 1071, 80
16, 55, 1195, 502
16, 56, 300, 69
16, 57, 1202, 128
16, 58, 1344, 142
16, 59, 1264, 428
16, 60, 1416, 28
16, 61, 1352, 90
16, 62, 1389, 296
16, 63, 259, 151
16, 64, 541, 169
16, 65, 353, 172
16, 66, 1289, 28
16, 67, 592, 124
16, 68, 763, 79
16, 69, 357, 123
16, 70, 1121, 15
16, 71, 1018, 11
16, 72, 666, 10
16, 73, 952, 3
17, 18, 426, 234
17, 19, 1416, 41
17, 20, 1592, 3
17, 21, 465, -72
17, 22, 413, -39
17, 23, 338, -182
17, 24, 353, -169
17, 25, 2251, 43
17, 26, 352, -373
17, 27, 50, -414
17, 28, 379, -425
17, 29, 1047, 42
17, 30, 984, -453
17, 31, 594, 74
17, 32, 417, -175
17, 33, 871, 506
17, 34, 402, 5
17, 35, 2222, -5
17, 36, 2316, 135
17, 37, 1016, 103
17, 38, 2211, 58
17, 39, 1309, 15
17, 40, 463, -70
17, 41, 1909, -19
17, 42, 473, -2
17, 43, 122, 76
17, 44, 727, 71
17, 45, 682, 1
17, 46, 2340, -5
17, 47, 424, 26
17, 48, 1238, 3
17, 49, 1037, 36
17, 50, 2196, 115
17, 51, 538, 69
17, 52, 761, 69
17, 53, 341, 1
17, 54, 1895, -19
17, 55, 602, 57
17, 56, 969, 20
17, 57, 2098, -23
17, 58, 2321, -11
17, 59, 2152, 39
17, 60, 2389, 11
17, 61, 2324, 17
17, 62, 2355, 78
17, 63, 1032, 38
17, 64, 621, 24
17, 65, 660, 22
17, 66, 603, 35
17, 67, 1072, -20
17, 68, 1160, -19
17, 69, 952, 17
17, 70, 164, -21
17, 71, 21, 41
17, 72, 493, 26
17, 73, 1326, 3
18, 19, 1420, -189
18, 20, 1454, -11
18, 21, 874, 27
18, 22, 834, 95
18, 23, 556, -85
18, 24, 670, 72
18, 25, 2216, 48
18, 26, 289, -260
18, 27, 412, -223
18, 28, 633, 21
18, 29, 820, 69
18, 30, 1199, -321
18, 31, 169, 93
18, 32, 837, -470
18, 33, 935, -288
18, 34, 589, -307
18, 35, 2166, 10
18, 36, 2425, 125
18, 37, 1107, -110
18, 38, 2140, 104
18, 39, 1200, -2
18, 40, 788, -25
18, 41, 1814, -46
18, 42, 700, 90
18, 43, 343, 11
18, 44, 333, 194
18, 45, 942, 35
18, 46, 2423, 36
18, 47, 843, -75
18, 48, 979, 4
18, 49, 979, 54
18, 50, 2116, 132
18, 51, 125, 163
18, 52, 491, 102
18, 53, 763, 92
18, 54, 1778, 1
18, 55, 176, 82
18, 56, 1189, 71
18, 57, 2015, 9
18, 58, 2310, 19
18, 59, 2060, 97
18, 60, 2370, 14
18, 61, 2306, 17
18, 62, 2329, 93
18, 63, 1034, 43
18, 64, 583, 19
18, 65, 760, 7
18, 66, 1017, 45
18, 67, 933, 35
18, 68, 959, -3
18, 69, 915, 17)
18, 70, 550, 6
18, 71, 416, -10
18, 72, 831, 63
18, 73, 1080, 2
19, 20, 497, 20
19, 21, 1371, -235
19, 22, 1605, -431
19, 23, 1084, -514
19, 24, 1148, -485
19, 25, 837, 38
19, 26, 1167, 28
19, 27, 1366, -481
19, 28, 1071, -384
19, 29, 808, 185
19, 30, 709, -330
19, 31, 1481, 185
19, 32, 1615, -358
19, 33, 546, 449
19, 34, 1018, 196
19, 35, 818, 21
19, 36, 1053, -84
19, 37, 437, 154
19, 38, 821, 320
19, 39, 390, 31)
19, 40, 1115, -47
19, 41, 583, 57
19, 42, 983, -138
19, 43, 1326, 91
19, 44, 1664, 220
19, 45, 910, 39
19, 46, 1024, 33
19, 47, 1620, 141
19, 48, 863, 7
19, 49, 452, 82
19, 50, 817, 205
19, 51, 1503, 298
19, 52, 1028, 108
19, 53, 1563, 14
19, 54, 619, 33
19, 55, 1460, 197
19, 56, 725, 54
19, 57, 728, 29
19, 58, 906, 63
19, 59, 791, 180
19, 60, 973, 40
19, 61, 908, 41
19, 62, 939, 150
19, 63, 391, 69
19, 64, 844, 65
19, 65, 757, 99
19, 66, 1761, -34
19, 67, 582, 49
19, 68, 700, 39
19, 69, 505, 49
19, 70, 1554, 3
19, 71, 1432, 4
19, 72, 1137, -16
19, 73, 821, 1
20, 21, 1683, 27
20, 22, 1876, 33
20, 23, 1304, 10
20, 24, 1414, 35
20, 25, 838, -33
20, 26, 1271, -1
20, 27, 1541, 29
20, 28, 1320, 30
20, 29, 656, -46
20, 30, 1143, 4
20, 31, 1456, -25
20, 32, 1885, -52
20, 33, 834, -37
20, 34, 1243, 7
20, 35, 759, -44
20, 36, 1360, 43
20, 37, 818, -12
20, 38, 715, -62
20, 39, 286, -23
20, 40, 1419, 14
20, 41, 379, 76
20, 42, 1251, 1
20, 43, 1480, -12
20, 44, 1609, -13
20, 45, 1264, 11
20, 46, 1286, 1
20, 47, 1891, -25
20, 48, 587, -5
20, 49, 571, -11
20, 50, 682, -12
20, 51, 1499, -32
20, 52, 975, -16
20, 53, 1821, -7
20, 54, 326, 26
20,55, 1431, -50
20, 56, 1156, -8
20, 57, 582, 49
20, 58, 968, -33
20, 59, 618, -70
20, 60, 1005, -23
20, 61, 950, -32
20, 62, 955, -27
20, 63, 644, -29
20, 64, 970, -13
20, 65, 1008, -7
20, 66, 2055, -2
20, 67, 527, -9
20, 68, 510, -23
20, 69, 662, -1
20, 70, 1750, 1
20, 71, 1603, 4
20, 72, 1453, 24
20, 73, 498, 2
21, 22, 268,-18
21, 23, 444, -119
21, 24, 294, -64
21, 25, 2191, -6
21, 26, 692, 203
21, 27, 465, 127
21, 28, 390, 39
21, 29, 1282, -71
21, 30, 750, 286
21, 31, 1044, -12
21, 32, 277, 346
21, 33, 855, 147
21, 34, 482, 21
21, 35, 2186, -16
21, 36, 2098, -58
21, 37, 933, 49
21, 38, 2192, -207
21, 39, 1398, -29
21, 40, 264, -112
21, 41, 1934, -44
21, 42, 436, -67
21, 43, 531, -14
21, 44, 1189, -99
21, 45, 467, -48
21, 46, 2148, -6
21, 47, 280, 242
21, 48, 1483, -21
21, 49, 1114, 5
21, 50, 2188, -57
21, 51, 994, -124
21, 52, 1075, 11
21, 53, 265, -177
21, 54, 1943, -51
21, 55, 1048, -75
21, 56, 732, -26
21, 57, 2097, -60
21, 58, 2231, -43
21, 59, 2159, -95
21, 60, 2305, 66)
21, 61, 2241, -38
21, 62, 2282, -56
21, 63, 1046, 0
21, 64, 794, -7
21, 65, 676, -30
21, 66, 390, -15
21, 67, 1222, -73
21, 68, 1357, -45
21, 69, 1024, -7
21, 70, 438, -4
21, 71, 481, -31
21, 72, 234, -35
21, 73, 1550, -3
22, 23, 577, -13
22, 24, 464, 43
22, 25, 2435, -14
22, 26, 739, 324
22, 27, 442, -102
22, 28, 555, -90
22, 29, 1406, -167
22, 30, 1014, 661
22, 31, 999, 3
22, 32, 10, 949
22, 33, 1070, 177
22, 34, 634, 18
22, 35, 2423, -82
22, 36, 2365, -10
22, 37, 1171, 85
22, 38, 2425, -351
22, 39, 1589, -18
22, 40, 492, -79
22, 41, 2152, -114
22, 42, 630, -34
22, 43, 524, -18
22, 44, 1109, -74
22, 45, 721, -66
22, 46, 2414, -62
22, 47, 15, 301
22, 48, 1604, -23
22, 49, 1305, -2
22, 50, 2418, -46
22, 51, 937, -145
22, 52, 1150, -26
22, 53, 71, -64
22, 54, 2154, -78
22, 55, 1009, -61
22, 56, 995, 8
22, 57, 2325, -102
22,58, 2481, -86
22, 59, 2384, -106
22, 60, 2554, 49
22, 61, 2490, -40
22, 62, 2529, -48
22, 63, 1257, -31
22, 64, 934, -54
22, 65, 872, -45
22, 66, 196, -41
22, 67, 1385, -21
22, 68, 1501, -36
22, 69, 1214, -48
22, 70, 294, -38
22, 71, 419, -29
22, 72, 479, -181
22, 73, 1683, -12
23, 24, 154, -205
23, 25, 1922, -2
23, 26, 293, 615
23, 27, 292, 188
23, 28, 79, -51
23, 29, 843, -64
23, 30, 669, -755
23, 31, 710, 8
23,32, 586, 212
23, 33, 538, 294
23, 34, 65, 105
23, 35, 1897, -17
23, 36, 1981, -62
23, 37, 678, 127
23, 38, 1890, -219
23, 39, 1017, -5
23, 40, 251, -19
23, 41, 1599, -84
23, 42, 150, -121
23, 43, 279, -45
23, 44, 889, 24
23, 45, 389, -54
23, 46, 2003, -80
23, 47, 592, 425
23, 48, 1043, -6
23, 49, 735, -3
23, 50, 1878, -26
23, 51, 680, -16
23, 52, 634, 6
23, 53, 518, -73
23, 54, 1592, -41
23, 55, 705, 15
23, 56, 656, -46
23, 57, 1781, -71
23, 58, 1987, -85
23, 59, 1838, -35
23, 60, 2056, 72
23, 61, 1991, -15
23, 62, 2024, -12
23, 63, 708, 9
23, 64, 359, -4
23, 65, 326, 4
23, 66, 766, -43
23, 67, 807, -89
23, 68, 927, -33
23, 69, 646, 13
23, 70, 470, -15
23, 71, 357, 1
23, 72, 300, -68
23, 73, 1115, -3
24, 25, 1984, -51
24, 26, 434, 34
24, 27, 321, 208
24, 28, 97, -146
24, 29, 988, -104
24, 30, 636, -160
24, 31, 832, -77
24, 32, 474, 1059
24, 33, 608, 322
24, 34, 188, 85
24, 35, 1967, -51
24, 36, 1983, 11
24, 37, 721, 21
24, 38, 1966, -431
24, 39, 1127, -34
24, 40, 119, -108
24,41, 1688, -197
24, 42, 167, -192
24, 43, 347, -33
24, 44, 1002, -64
24, 45, 331, 4
24, 46, 2016, -109
24, 47, 480, 349
24, 48, 1189, -8
24, 49, 842, -48
24, 50, 1957, -88
24, 51, 795, -181
24, 52, 789, -22
24, 53, 416, -77
24, 54, 1689, -90
24, 55, 831, -83
24, 56, 621, -30
24, 57, 1863, -120
24, 58, 2038, -111
24, 59, 1922, -166
24, 60,2110, 95
24, 61, 2045, -34
24, 62, 2081, -93
24, 63, 792, -19
24, 64, 500, 9
24, 65, 408, -20
24, 66, 641, -62
24, 67, 935, -61
24, 68, 1065, -59
24, 69, 751, -11
24, 70, 436, -2
24, 71, 374, -18
24, 72, 161, -122
24, 73, 1257, -8
25, 26, 1984, -85
25, 27, 2201, -55
25, 28, 1908, 15
25, 29, 1474, 51
25, 30, 1473, -80
25, 31, 2248, 0
25, 32, 2445, -163
25, 33, 1384, -130
25, 34, 1856, -62
25, 35, 109, 47
25, 36, 750, 49
25, 37, 1264, -57
25, 38, 186, 270
25, 39, 1028, 20
25, 40, 1943, -37
25, 41, 467, 96
25, 42, 1819, 5
25, 43, 2158, -12
25, 44, 2416, 4
25, 45, 1724, 23
25, 46, 624, 14
25, 47, 2450, -68
25, 48, 1425, 10
25, 49, 1241, -34
25, 50, 236, -66
25, 51, 2282, 6
25, 52, 1769, -43
25, 53, 2397, -22
25, 54, 550, 44
25, 55, 2225, -63
25, 56, 1491, 12
25, 57, 292, 89
25, 58, 149, 98
25, 59, 305, 64
25, 60, 168, -13
25, 61, 120, 31
25, 62, 117, -40
25, 63, 1220, -10
25, 64, 1660, 4
25, 65, 1595, -2
25, 66, 2582, 14
25, 67, 1295, 68
25, 68, 1331, 56
25, 69, 1315, -4
25, 70, 2392, 8
25, 71, 2267, -7
25, 72, 1960, 74
25, 73, 1335, 4
26, 27, 308, 405
26, 28, 373, -46
26, 29, 697, 134
26, 30, 911, -625
26, 31, 425, 153
26, 32, 745, -1011
26, 33, 657, 458
26, 34, 311, 601
26, 35, 1944, 38
26, 36, 2148, -88
26, 37, 826, 141
26, 38, 1924, 265
26, 39, 997, 19
26, 40, 542, -120
26, 41, 1609, -9
26, 42, 424, -31
26, 43, 229, 89
26, 44, 611, 114
26, 45, 664, 0
26, 46, 2152, -40
26, 47, 753, -529
26, 48, 886, 2
26, 49, 745, 81
26, 50, 1905, 240
26, 51, 406, 279
26, 52, 411, 108
26, 53, 670, -38
26, 54, 1585, -16
26, 55, 417, 107
26, 56, 901, -68
26, 57, 1804, -13
26, 58, 2069, 45
26, 59, 1855, 150
26, 60, 2132, 10
26, 61, 2068, 26
26, 62, 2094, 170
26, 63, 776, 45
26, 64, 324, 71
26, 65, 472, 74
26, 66, 935, -28
26, 67, 744, 22
26, 68, 815, 19
26, 69, 669, 61
26, 70, 516, -20
26, 71, 357, 88
26, 72, 590, -198
26, 73, 975, -17
27, 28, 337, -130
27, 29, 1000, 1
27, 30, 945, -853
27, 31, 582, 46
27, 32, 447, -211
27, 33, 823, 629
27, 34, 355, 316
27, 35, 2172, -29
27, 36, 2272, -72
27, 37, 969, 224
27, 38, 2160, -100
27, 39, 1259, -9
27, 40, 436, 62
27, 41, 1859, -116
27, 42, 431, -124
27, 43, 82, 122
27, 44, 724, 130
27, 45, 647, -47
27, 46, 2295, -10
27, 47, 454, 201
27, 48, 1193, -9
27, 49, 987, 14
27, 50, 2146, 107
27, 51, 529, 110
27, 52, 719, 87
27, 53, 371, -58
27, 54, 1844, -44
27, 55, 588, 1
27, 56, 931, -5
27, 57, 2047, -111
27, 58, 2271, -44
27, 59, 2102, -6
27, 60, 2339, 1
27, 61, 2274, 34
27, 62, 2306, 20
27, 63, 982, 13
27, 64, 571, 0
27, 65, 612, 58
27, 66, 635, -78
27, 67, 1022, -5
27, 68, 1112, -28
27, 69, 901, -8
27, 70, 212, -24
27, 71, 66, 61
27, 72, 468, -92
27, 73, 1279, -9
28, 29, 892, -120
28, 30, 609, -893
28, 31, 789, -37
28, 32, 564, 61
28, 33, 526, 431)
28, 34, 92, 75
28, 35, 1888, -43
28, 36, 1938, -102
28, 37, 652, 118
28, 38, 1884, -198
28, 39, 1033, -55
28, 40, 174, 32
28, 41, 1602, -227
28, 42, 95, -31
28, 43, 340,-8
28, 44, 966, 30
28, 45, 318, -74
28, 46, 1964, -20
28, 47, 571, 268
28, 48, 1092, -2
28, 49, 749, 38
28, 50, 1874, 30
28, 51, 758, -76
28, 52, 702, 17
28, 53, 503, -178
28, 54, 1600, -53
28, 55, 784, -43
28, 56, 595, -21
28, 57, 1779, -116
28,58, 1967, -82
28, 59, 1837, -61
28, 60, 2038, 30
28, 61, 1973, -76
28, 62, 2008, -19
28, 63, 706, -18
28, 64, 404, -7
28, 65, 320, 5
28, 66, 736, -26
28, 67, 838, -60
28, 68, 968, -17
28, 69, 658, -4
28, 70, 491, -24
28, 71, 399, -32
28, 72, 223, -86
28, 73, 1160, -5
29, 30, 1052, -194
29, 31, 803, -227
29, 32, 1413, -449
29, 33, 635, -420
29, 34, 800, -200
29, 35, 1406, 57
29, 36, 1858, 109
29, 37, 758, -151
29, 38, 1368, 625
29, 39, 457, 46
29, 40, 1044, -89
29, 41, 1033, 130
29, 42, 862, -21
29, 43, 925, -53
29, 44, 952, -203
29, 45, 997, 8
29, 46, 1817, 21
29, 47, 1420, -221
29, 48, 200, 12
29, 49, 410, -146
29, 50, 1337, -225
29, 51, 850, -255
29, 52, 328, -174
29, 53, 1340, -94
29, 54, 982, 61
29, 55, 778, -144
29, 56, 1055, 83
29, 57, 1237, 112
29, 58, 1590, 155
29, 59, 1275, -136
29, 60, 1638, -42
29, 61, 1579, 53
29, 62, 1591, -61
29, 63, 553, -18
29, 64, 488, 22
29, 65, 669, 13
29, 66, 1600, 80
29, 67, 230, 120
29, 68, 146, 68
29, 69, 434, -29
29, 70, 1211, 20
29, 71, 1053, 9
29, 72, 1091, 198
29, 73, 279, 4
30, 31, 1331, 151
30, 32, 1023, 985
30, 33, 417, 695
30, 34, 620, 690
30, 35, 1483, 1
30, 36, 1356, -1342
30, 37, 333, 278
30, 38, 1501, 187
30, 39, 904, -3
30, 40, 546, 575
30, 41, 1292, 46
30, 42, 519, 406
30, 43, 947, 247
30, 44, 1521, 248
30, 45, 307, -504
30, 46, 1400, -121
30, 47, 1027, 561
30, 48, 1216, 1
30, 49, 685, 71
30, 50, 1506, 227
30, 51, 1317, 252
30, 52, 1052, 89
30, 53, 993, 255
30, 54, 1326, 8
30, 55, 1320, 187
30, 56, 18, -544
30, 57, 1425, 18
30, 58, 1497, 37
30, 59, 1490, 167
30, 60, 1573, 89
30, 61, 1511, 53
30, 62, 1554, 127
30, 63, 546, 64
30, 64, 704, 57
30, 65, 466, 105
30, 66, 1131, -444
30, 67, 869, 20
30, 68, 1040, 2
30, 69, 627, 53
30, 70, 1070, 49
30, 71, 1005, 120
30, 72, 542, -1027
30, 73, 1235, -2
31, 32, 1001, -321
31, 33, 1031, -266
31, 34, 735, -149
31, 35, 2191, 46
31, 36, 2508, 44
31, 37, 1206, -100
31, 38, 2159, 390
31, 39, 1221, 31
31, 40, 949, -51
31, 41, 1827, 83
31, 42, 848, 9
31, 43, 513, -35
31, 44, 192,-136
31, 45, 1089, 19
31, 46, 2498, 23
31, 47, 1008, -171
31, 48, 936, 14
31, 49, 1030, 16
31, 50, 2131, -44
31, 51, 70, -132
31, 52, 482, -27
31, 53, 929, 55
31, 54, 1782, 46
31, 55, 25, 65
31, 56, 1322, 41
31, 57, 2030, 57
31, 58, 2351, 88
31, 59, 2072, 249
31, 60, 2407, -19
31, 61, 2344, 43
31, 62, 2363, -12
31, 63, 1106, 6
31, 64, 672, 1
31, 65, 876, -14
31, 66, 1178, 58
31, 67, 953, 69
31, 68, 948, 46
31, 69, 978, -10
31, 70, 710, 5
31, 71, 583, 1
31, 72, 994, 76
31, 73, 1040, 4
32, 33, 1080, 1061
32, 34, 643, 397
32, 35, 2433, 77
32, 36, 2375, -574
32, 37, 1180, 285
32, 38, 2435, 615
32, 39, 1598, 44
32, 40, 502, -524
32, 41, 2162, 137
32, 42, 640, 28
32, 43, 528, 238
32, 44, 1110, 463
32, 45, 731, -237
32, 46, 2424, -8
32, 47, 7, 661
32, 48, 1611, 22
32, 49, 1314, 145
32, 50, 2428, 416
32, 51, 939, 522
32, 52, 1156, 270
32, 53, 76, 127
32, 54, 2163, 70
32, 55, 1012, 415
32, 56, 1005, -261
32, 57, 2334, 97
32, 58, 2491, 146
32, 59, 2394, 421
32, 60, 2564, 188
32, 61, 2500, 88
32, 62, 2539, 305
32, 63, 1266, 119
32, 64, 942, 176
32, 65, 882, 171
32, 66, 189, -152
32, 67, 1393, 112
32, 68, 1509, 80
32, 69, 1223, 91
32, 70, 295, 0
32, 71, 423, 80
32, 72, 489, -509
32, 73, 1690, 10
33, 34, 472, -602
33, 35, 1362, 85
33, 36, 1491, 112
33, 37, 174, 396
33, 38, 1358, 688
33, 39, 558, 73
33, 40, 591, 137
33, 41, 1082, 119
33, 42, 441, 127
33, 43, 788, -3
33, 44, 1224, 455
33, 45, 433, 162
33, 46, 1496, 62
33, 47, 1086, -310
33, 48, 802, 25
33, 49, 291, 175
33, 50, 1349, 465
33, 51, 1036, 506
33, 52, 669, 200
33, 53, 1025, 120
33, 54, 1088, 56
33, 55, 1015, 463
33, 56, 420, 44
33, 57, 1254, 94
33, 58, 1449, 131
33, 59, 1313, 388
33, 60, 1518, -4
33, 61, 1453, 111
33, 62, 1486, 278
33, 63, 191, 131
33, 64, 360, 149
33, 65, 211, 98
33, 66, 1238, 40
33, 67, 460, 92
33, 68, 630, 74
33, 69, 217, 104
33, 70, 1008, 13
33, 71, 889, -14
33, 72, 622, 75
33, 73, 828, 4
34, 35, 1831, 13
34, 36, 1920, -10
34, 37, 613, 195
34, 38, 1824, 109
34, 39, 956, 14
34, 40, 259, 24
34, 41, 1535, -29
34, 42, 113, 58
34, 43, 336, 62
34, 44, 919, 219
34, 45, 354, -4
34, 46, 1940, -23
34, 47, 649, -233
34, 48, 1000, 4
34, 49, 673, 68
34, 50, 1813, 232
34, 51, 711, 161
34, 52, 613, 131
34, 53, 578, -46
34, 54, 1529, -36
34, 55, 728, 158
34, 56, 608, 2
34, 57, 1716, -9
34, 58, 1921, 47
34, 59, 1773, 141
34, 60, 1990, -23
34, 61, 1925, 27
34, 62, 1958, 141
34, 63, 643, 45
34, 64, 312, 42
34, 65, 260, 48
34, 66, 820, -14
34, 67, 752, -5
34, 68, 878, -3
34, 69, 583, 44
34, 70, 535, -23
34, 71, 421, -20
34, 72, 309, -79
34, 73, 1069, -7
35, 36, 854, 28
35, 37, 1253, -25
35, 38, 76, -80
35, 39, 969, -26
35, 40, 1933, -5
35, 41, 381, 133
35, 42, 1801, 19
35, 43, 2125, -18
35, 44, 2354, -23
35, 45, 1721, 5
35, 46, 730, 6
35, 47, 2439, -36
35, 48, 1346, 22
35, 49, 1198, -23
35, 50, 126, -38
35,51, 2227, -47
35, 52, 1709, -39
35, 53, 2382, 2
35, 54, 457, 48
35, 55, 2167, -66
35, 56, 1501, -15
35, 57, 191, 90
35, 58, 258, -51
35, 59, 196, -61
35, 60, 264, -39
35, 61, 227, -53
35, 62, 209, -27
35, 63, 1190, -30
35, 64, 1621, -9
35, 65, 1571, -8
35, 66, 2576, 11
35, 67, 1238, 0
35, 68, 1261, 9
35, 69, 1276, -2
35, 70, 2366, 2
35, 71, 2238, 20
35, 72, 1953, 47
35, 73, 1254, 8
36, 37, 1322, -24
36, 38, 928, -234
36, 39, 1413, -25
36, 40, 1902, -10
36, 41, 1090, -170
36, 42, 1843, -33
36, 43, 2256, -50
36, 44, 2697, -26
36, 45, 1662, -29
36, 46, 137, 43
36, 47, 2378, 26
36, 48, 1886, -8
36, 49, 1498, -50
36, 50, 975, -112
36, 51, 2521, -67
36, 52, 2076, -4
36, 53, 2349, -21
36, 54, 1186, -64
36, 55, 2489, -17
36, 56, 1374, 4
36, 57, 997, -109
36, 58, 624, -69
36, 59, 1033, -185
36, 60, 674, 31
36, 61, 661, -22
36, 62, 709, -65
36, 63, 1403, 5
36, 64, 1842, -12
36, 65, 1683, -65
36, 66, 2464, 21
36, 67, 1634, -40
36, 68, 1739, -51
36, 69, 1535, -31
36, 70, 2420, -21
36, 71, 2336, -34
36, 72, 1899, -76
36, 73, 1822, -3
37, 38, 1258, 270
37, 39, 570, 13
37, 40, 679, 64
37, 41, 1009, 57
37, 42, 559, 9
37, 43, 942, 9
37, 44, 1398, 163
37, 45, 474, 47
37, 46, 1332, 32
37, 47, 1186, -89
37, 48, 904, 9
37, 49, 363, 82
37, 50, 1254, 187
37, 51, 1210, 191
37, 52, 834, 75
37, 53, 1132, 38
37, 54, 1030, 19
37, 55, 1189, 155
37, 56, 344, 17
37, 57, 1165, 45
37, 58, 1317, 61
37, 59, 1227, 158
37,60, 1388, 10
37, 61, 1324, 40
37, 62, 1360, 107
37, 63, 218, 42
37, 64, 534, 51
37, 65, 362, -2
37, 66, 1324, 11
37, 67, 554, 31
37, 68, 725, 26
37, 69, 324, 40
37, 70, 1142, 9
37, 71, 1035, 2
37, 72, 699, 1
37, 73, 912, 6
38, 39, 940, 45
38, 40, 1936, -86
38, 41, 335, 135
38, 42, 1799, 32
38, 43, 2111, -50
38, 44, 2319, -271
38, 45, 1729, 99
38, 46, 806, 106
38, 47, 2440, -395
38, 48, 1299, 13
38, 49, 1180, -237
38, 50, 50, -362
38, 51, 2197, -503
38, 52, 1677, -327
38, 53, 2382, -89
38, 54, 402, 64
38, 55, 2135, -696
38, 56, 1518, -183
38, 57, 133, 138
38, 58, 334, 179
38, 59, 123, -223
38, 60, 333, -49
38, 61, 301, 38
38, 62, 279, -118
38, 63, 1181, -51
38, 64, 1604, 25
38, 65, 1566, 24
38, 66, 2582, 133
38, 67, 1208, 147
38, 68, 1222, 69
38, 69, 1261, -45
38, 70, 2358, 42
38, 71, 2226, 64
38, 72, 1958, 356
38, 73, 1204, 13
39, 40, 1135, -5
39, 41, 615, 95
39, 42, 965, -3
39, 43, 1200, -1
39, 44, 1388, -27
39, 45, 991, 24
39, 46, 1365, 7
39, 47, 1604, -27
39, 48, 476, 12
39, 49, 284, -17
39, 50, 916, -38
39, 51, 1257, -47
39, 52, 741, -15
39, 53, 1534, -9
39, 54, 588, 40
39, 55, 1197, -53
39, 56, 915, -1
39, 57, 814, 63
39, 58, 1137, -27
39, 59, 861, -59
39, 60, 1189, -32
39, 61, 1128, -1
39, 62, 1144, -17
39, 63, 373, -1
39, 64, 688, 2
39, 65, 723, 2
39, 66, 1769, 20
39, 67, 268, 2
39, 68, 327, 42
39, 69, 375, 1
39, 70, 1466, -1
39, 71, 1322, 6
39, 72, 1170, 20
39, 73, 430, 6
40, 41, 1672, -43
40, 42, 182, -100
40, 43, 466, -31
40, 44, 1120, 144
40, 45, 240, -75
40, 46, 1941, 9
40, 47, 507, 8
40, 48, 1243, -7
40, 49, 851, 4
40, 50, 1931, 75
40, 51, 913, 32
40, 52, 873, 16
40, 53, 458, -87
40, 54, 1680, -12
40, 55, 947, 107
40, 56, 529, -44
40, 57, 1839, 9
40, 58, 1989, -4
40, 59, 1899, 75
40, 60, 2063, 26
40, 61, 1998, 12
40, 62, 2036, 63
40, 63, 782, 42
40, 64, 558, -7
40, 65, 414, -47
40, 66, 647, -6
40, 67, 966, 15
40, 68, 1107, -32
40, 69, 761, 43
40, 70, 526, -2
40, 71, 484, -6
40, 72, 49, -3
40, 73, 1304, -5
41, 42, 1521, 78
41, 43, 1805, -9
41, 44, 1985, -55
41, 45, 1483, 31
41, 46, 993, 27
41, 47, 2168, -107
41, 48, 965, -40
41, 49, 872, -57
41, 50, 304, -81
41, 51, 1867, -99
41, 52, 1344, -56
41, 53, 2104, 52
41, 54, 95, -70
41, 55, 1802, -167
41, 56, 1309, -5
41, 57, 203, -143
41, 58, 606, -112
41, 59, 246, -170
41, 60, 635, -76
41, 61, 585, -132
41, 62, 583, -92
41, 63, 895, -90
41, 64, 1293, -61
41, 65, 1281, -31
41, 66, 2319, -60
41, 67, 880, -77
41, 68, 887, -124
41, 69, 957, -60
41, 70, 2062, -29
41, 71, 1923, -60
41, 72, 1699, 30
41, 73, 872, -1
42, 43, 428, 7
42, 44, 1031, 9
42, 45, 241, 4
42, 46, 1869, 13
42, 47, 646, -9
42, 48, 1061, -3
42, 49, 681, 25
42, 50, 1790, 64
42, 51, 823, 84
42, 52, 706, -47
42, 53, 583, -12
42, 54, 1523, -32
42, 55, 842, 0
42, 56, 506, -11
42, 57, 1696, -76
42, 58, 1876, -38
42, 59, 1755, -59)
42, 60, 1947, 24
42, 61, 1882, -13
42, 62, 1917, -6
42, 63, 626, 30
42, 64, 378, -64
42, 65, 243, -60
42, 66, 804, 55
42, 67, 786, -20
42, 68, 926, -32
42, 69, 590, 9
42, 70, 585, -7
42, 71, 493, -13
42, 72, 228, -2
42, 73, 1122, -8
43, 44, 666, 57
43, 45, 658, 48
43, 46, 2273, 40
43, 47, 536, -100
43, 48, 1116, 5
43, 49, 933, 28
43, 50, 2095, 70
43, 51, 464, 47
43, 52, 639, 3
43, 53, 452, 18
43, 54, 1787, -13
43, 55, 517, 59
43, 56, 934, 9
43, 57, 1995, 13
43, 58, 2232, 5
43, 59, 2049, 29
43, 60, 2299, -23
43, 61, 2234, 3
43, 62, 2264, 20
43, 63, 938, 25
43, 64, 512, -16
43, 65, 580, 4
43, 66, 717, 16
43, 67, 957, -15
43, 68, 1040, 1
43, 69,850, 19
43, 70, 286, -6
43, 71, 128, -17
43, 72, 504, 8
43, 73, 1204, -2
44, 45, 1273, 99
44, 46, 2684, 35
44, 47, 1116, -159
44, 48, 1063, 7
44, 49, 1212, 60
44, 50, 2289, 48
44, 51, 208, 215
44, 52, 647, -15
44, 53, 1043, 131
44, 54, 1935, 28
44, 55, 208, 172
44, 56, 1512, 96
44, 57, 2188, 37
44, 58, 2523, 34
44, 59, 2227,174
44, 60, 2577, -12
44, 61, 2515, 14
44, 62, 2532, 79
44, 63, 1293, 41
44, 64, 864, -14
44, 65, 1068, 5
44, 66, 1275, 56
44, 67, 1121, 33
44, 68, 1099, 15
44, 69, 1163, 21
44, 70, 815, 8
44, 71, 712, 21
44, 72, 1163, 131
44, 73, 1167, 2
45, 46,1701, 12
45, 47, 735, -13
45, 48, 1187, -14
45, 49, 721, 13
45, 50, 1727, -102)
45, 51, 1065, -86
45, 52, 903, -19
45, 53, 694, 12
45, 54, 1500, -6
45, 55, 1082, -18
45, 56, 291, -24
45, 57, 1639, -45
45, 58, 1763, -48
45, 59, 1701, -49
45, 60, 1838, -4
45, 61, 1774, -6
45, 62, 1814, -114
45, 63, 620, -27
45, 64, 550, -52
45, 65, 328, -24
45, 66, 858, -21
45, 67, 870, -19
45, 68, 1030, -23
45, 69, 637, -21
45, 70, 763, 13
45, 71, 703, -28
45, 72, 242, -39
45, 73, 1231, -11
46, 47, 2427, -36
46, 48, 1831, -7
46, 49, 1475, -5
46, 50, 854, -39
46, 51, 2514, -75
46, 52, 2053, -37
46, 53, 2393, 8
46, 54, 1088, -7
46, 55, 2478, -21
46, 56, 1418, -21
46, 57, 883, -44
46, 58, 492, -29
46, 59, 915, -12
46, 60, 538, 7
46, 61, 529, -33
46, 62, 575, -29
46, 63, 1392, -3
46, 64, 1840, -17
46, 65, 1695, -7
46, 66, 2521, 17
46, 67, 1599, -8
46, 68, 1693, -6
46, 69, 1520, -34
46, 70, 2451, 4
46, 71, 2359, -2
46, 72, 1941, 0
46, 73, 1762, 3
47, 48, 1618, 10
47, 49, 1320, 83
47, 50, 2433, 216
47, 51, 946, 228
47, 52, 1163, 89
47, 53, 83, 1
47, 54, 2169, 32
47, 55, 1019, 208
47, 56, 1009, -35
47, 57, 2340, 53
47, 58, 2496, 72
47, 59, 2400, 187
47, 60, 2569, 49
47, 61, 2505, 48
47, 62, 2544, 125
47, 63, 1272, 79
47, 64, 949, 85
47, 65, 888, 92
47, 66, 182, -18
47, 67, 1400, 61
47, 68, 1516, 39
47, 69, 1229, 42
47, 70, 301, 12
47, 71, 430, 38
47, 72, 493, -116
47, 73, 1697, 4
48, 49, 541, -10
48, 50, 1262, -10
48, 51, 991, -18
48, 52, 493, -12
48, 53, 1538, -2
48, 54, 899, 20
48, 55, 911, -23
48, 56, 1221, -3
48, 57, 1165, 22
48, 58, 1553, -10
48, 59, 1194, -16
48, 60, 1592, -14
48, 61, 1537, -7
48, 62, 1542, -14
48, 63, 688, -11
48, 64, 688, -12
48, 65, 860, -2
48, 66, 1799, -5
48, 67, 349, -5
48, 68, 180, -10
48, 69, 589, -1
48, 70, 1403, 0
48, 71, 1244, 3
48, 72, 1289, 8
48, 73, 104, 2
49, 50, 1162, -82
49, 51, 1055, -19
49, 52, 578, -32
49, 53, 1251, 45
49, 54, 858, 26
49, 55, 1009, -11
49, 56, 692, 18
49, 57, 1062, 36
49, 58, 1331, 52
49, 59, 1115, 125
49, 60, 1392, -5
49, 61, 1328, 22
49, 62, 1352, -21
49, 63, 146, -15
49, 64, 423, -4
49, 65, 438, 4
49, 66, 1484, 38
49, 67, 192, 30
49, 68, 361, 23
49, 69, 91, -11
49, 70, 1191, 14
49, 71, 1051, 5
49, 72, 888, 29
49, 73, 550, 9
50, 51, 2171, 70
50, 52, 1649, 46
50, 53, 2374, 116
50, 54, 363, 40
50, 55, 2107, 127
50, 56, 1523, 76
50, 57, 101, 60
50, 58, 384, 73
50, 59, 74, 214
50, 60, 383, -24
50, 61, 352, 44
50, 62, 328, 18
50, 63, 1170, 9
50, 64, 1586, 17
50, 65, 1555, -16
50, 66, 2577, 93
50, 67, 1183, 45
50, 68, 1191, 47
50, 69, 1245, -2
50, 70, 2345, 32
50, 71, 2211, 28
50, 72, 1954, 164
50, 73, 1166, 6
51, 52, 524, -10
51, 53, 868, 88
51, 54, 1825, 54
51, 55, 91, 110
51, 56, 1308, 50
51, 57, 2069, 71
51, 58, 2381, 128
51, 59, 2112, 272
51, 60, 2439, -24
51, 61, 2376, 54
51, 62, 2396, -21
51, 63, 1122, -8
51, 64, 679, 1
51, 65, 871, -5
51, 66, 1114, 77
51, 67, 989, 112
51, 68, 994, 62
51, 69, 997, -27
51, 70, 646, 14
51, 71, 525, 26
51, 72, 956, 212
51, 73, 1094, 8
52, 53, 1080, 48
52, 54, 1301, 21
52, 55, 458, -30
52, 56, 1050, 42
52, 57, 1547, 45
52, 58, 1876, 54
52, 59, 1589, 104
52, 60, 1929, -18
52, 61, 1868, 30
52, 62, 1885, -13
52, 63, 682, 2
52, 64, 356, 9
52, 65, 595, -27
52, 66, 1346, 36
52, 67, 474, 45
52, 68, 470, 28
52, 69, 546, 8
52, 70, 923, 6
52, 71, 763, -8
52, 72, 923, 33
52, 73, 591, -4
53, 54, 2103, -39
53, 55, 939, -132
53, 56, 976, -5
53, 57, 2279, -4
53, 58, 2447, 8
53, 59, 2338, 81
53, 60, 2519, 2
53, 61, 2455, 4
53, 62,2492, -73
53, 63, 1208, -40
53, 64, 872, -32
53, 65, 823, -25
53, 66, 265, -13)
53, 67, 1325, -14
53, 68, 1438, 19
53, 69, 1160, -25
53, 70, 229, 5
53, 71, 348, -3
53, 72, 452, -52
53, 73, 1618, -1
54, 55, 1758, -63
54, 56, 1342, -13
54, 57, 268, 37
54, 58, 693, -46
54, 59, 295, -72
54, 60, 717, -39
54, 61, 670, -50
54, 62, 664, -38
54, 63, 898, -38
54, 64, 1275, -23
54, 65, 1281, -24
54, 66, 2325, -16
54, 67, 846, -31
54, 68, 836, -63
54, 69, 947, -32
54, 70, 2050, 7
54, 71, 1908, 28
54, 72, 1709, 61
54, 73, 803, 3
55, 56, 1311, 97
55, 57, 2006, 108
55, 58, 2328, 161
55, 59, 2047, 84
55, 60, 2384, -24
55, 61, 2321, 88
55, 62, 2340, -58
55, 63, 1086, -24
55, 64, 655, -5
55, 65, 863, -3
55, 66, 1190, 39
55, 67, 929, 117
55, 68, 923, 74
55, 69, 958, -22
55, 70, 722, 18
55, 71, 592, 22
55, 72, 992, 116
55, 73, 1014, 4
56, 57, 1442, -29
56, 58, 1515, 35
56, 59, 1507, -107
56, 60, 1592, -10
56, 61, 1529, 11
56, 62, 1573, -77
56, 63, 555, -29
56, 64, 700, -33
56, 65, 461, -16
56, 66,1113, 3
56, 67, 875, -8
56, 68, 1046, 9
56, 69, 632, -17
56, 70, 1054, -8
56,71, 990, -15
56, 72, 525, -61
56, 73, 1241, 1
57, 58, 441, -74
57, 59, 65, -125
57, 60, 454, -51
57, 61, 413, -105
57, 62, 400, -47
57, 63, 1073, -65
57, 64, 1486, -28
57, 65, 1459, -37
57, 66, 2486, -25
57, 67, 1082, -43
57, 68, 1091, -84
57, 69, 1146, -45
57, 70, 2247, -8
57, 71, 2112, 2
57, 72, 1863, 92
57, 73, 1070, 0
58, 59, 454, -164
58, 60, 78, -66
58, 61, 36, 20
58, 62, 87, -28
58, 63, 1296, -19
58, 64, 1744, 1
58, 65, 1660, -2
58, 66, 2620, 34
58, 67, 1401, 19
58, 68, 1449, 41
58, 69, 1400, -2
58, 70, 2456, 13
58, 71, 2338, 8
58, 72, 2003, 105
58, 73, 1466, 10
59, 60, 456, -30
59, 61, 423, 47
59, 62, 402, -52
59, 63, 1131, -31
59, 64, 1538, 11
59, 65, 1517, 3
59, 66, 2547, 55
59, 67, 1127, 144
59, 68, 1128, 74
59, 69, 1200, -22
59, 70, 2303, 26
59, 71, 2166, 58
59, 72, 1924, 193
59, 73, 1098, 5
60, 61, 65, 5
60, 62, 54, 21
60, 63, 1361, 8
60, 64, 1807, 16
60, 65, 1729, 4
60, 66, 2695, -2
60, 67, 1455, 54
60, 68, 1496, 25
60, 69, 1462, 6
60, 70, 2525, -1
60, 71, 2406, 24
60, 72, 2077, -17
60, 73, 1503, 5
61, 62, 54, -30
61, 63, 1296, -10
61, 64,1743, -6
61, 65, 1664, -2
61, 66, 2631, 5
61, 67, 1393, 49
61, 68, 1437, 56
61, 69, 1398, -3
61, 70, 2460, 6
61, 71, 2341, 3
61, 72, 2013, 40
61, 73, 1449, 12
62, 63, 1326, 7
62, 64, 1770, -10
62, 65, 1697, -1
62, 66, 2672, 22
62, 67, 1411, 22
62, 68, 1448, 32
62, 69, 1424, -4
62, 70, 2494, 19
62, 71, 2372, 11
62, 72, 2052, 82
62, 73, 1452, 2
63, 64, 453, 11
63, 65, 386, 0
63, 66, 1427, 16
63, 67, 339, 8
63, 68, 508, 54
63, 69, 135, -8
63, 70, 1176, 13
63, 71, 1048, 6
63, 72, 813, 39
63, 73, 694, 4
64, 65, 240, -16
64, 66, 1125, 7
64, 67, 455, -7
64, 68, 568, 34
64, 69, 345, 4
64, 70, 780, -1
64, 71, 634, 4
64, 72, 605, 27
64, 73, 756, 4
65, 66, 1047, 15
65, 67, 557, 0
65, 68, 709, -14
65, 69, 348, 1
65, 70, 796, -1
65, 71, 678, 6
65, 72, 452, 16
65, 73, 909, 3
66, 67, 1572, -31
66, 68, 1692, -26
66, 69, 1393, -21
66, 70, 467, 5
66, 71, 608, -6
66, 72, 624, -17
66, 73, 1876, 7
67, 68, 171, 6
67, 69, 244, -12
67, 70, 1233, 9
67, 71, 1082, 23
67, 72, 1008, 58
67, 73, 367, 3
68, 69, 414, -7
68, 70, 1324, 10
68, 71, 1168, 7
68, 72, 1152, 43
68, 73, 201, 7
69, 70, 1104, 0
69, 71, 966, 7
69, 72, 799, 17
69, 73, 611, 9
70, 71, 159, 4
70, 72, 542, 12
70, 73, 1490, -1
71, 72, 513, 32
71,73, 1332, 3
72, 73, 1349, -4