,Births,County Influx,County Population,Deaths,Total Population
0,[],"[0, 0, 0, 0, 0, 0, 0, 0, 0, 0, 0, 0, 0, 0, 0, 0, 0, 0, 0, 0, 0, 0, 0, 0, 0, 0, 0, 0, 0, 0, 0, 0, 0, 0, 0, 0, 0, 0, 0, 0, 0, 0, 0, 0, 0, 0, 0, 0, 0, 0, 0, 0, 0, 0, 0, 0, 0, 0, 0, 0, 0, 0, 0, 0, 0, 0, 0, 0, 0, 0, 0, 0, 0, 0]","[545, 526, 138, 225, 241, 263, 604, 710, 289, 1933, 534, 858, 206, 256, 266, 263, 204, 111, 330, 237, 255, 380, 277, 123, 468, 289, 368, 196, 327, 1434, 481, 471, 243, 271, 305, 255, 802, 115, 3230, 105, 178, 1411, 360, 366, 828, 379, 305, 736, 123, 285, 995, 828, 148, 580, 384, 401, 205, 683, 517, 1076, 345, 215, 609, 192, 343, 403, 288, 659, 411, 241, 164, 348, 670, 67]",[],34877
1,"[5, 5, 1, 2, 2, 2, 6, 7, 2, 19, 5, 8, 2, 2, 2, 2, 2, 1, 3, 2, 2, 3, 2, 1, 4, 2, 3, 1, 3, 14, 4, 4, 2, 2, 3, 2, 8, 1, 32, 1, 1, 14, 3, 3, 8, 3, 3, 7, 1, 2, 9, 8, 1, 5, 3, 4, 2, 6, 5, 10, 3, 2, 6, 1, 3, 4, 2, 6, 4, 2, 1, 3, 6, 0]","[4, -3, 42, 12, 26, 37, -20, -14, 11, -132, -4, -33, 19, 26, 13, 11, 33, 32, 10, 29, 3, 21, 14, 38, 13, 25, 16, 9, 28, -64, -9, 0, -7, 32, 27, 27, -14, 35, -258, 32, 32, -108, 12, 10, -68, 26, -17, -57, 1, 50, -28, -26, 4, -8, 3, -23, 16, -21, 10, -9, 4, 31, 0, 33, 22, 19, -5, -18, -7, 26, 8, 18, -27, 30]","[548, 517, 181, 236, 265, 298, 586, 695, 302, 1800, 532, 825, 227, 282, 280, 273, 236, 143, 336, 264, 258, 398, 289, 158, 481, 313, 382, 205, 353, 1374, 475, 471, 237, 298, 332, 284, 792, 149, 2981, 138, 210, 1309, 371, 377, 759, 402, 290, 681, 123, 334, 970, 803, 151, 573, 384, 378, 221, 664, 527, 1068, 350, 247, 609, 223, 364, 422, 285, 646, 406, 267, 172, 368, 647, 97]","[6, 11, 0, 3, 4, 4, 4, 8, 0, 20, 3, 8, 0, 2, 1, 3, 3, 1, 7, 4, 2, 6, 4, 4, 4, 3, 5, 1, 5, 10, 1, 4, 1, 7, 3, 0, 4, 2, 23, 0, 1, 8, 4, 2, 9, 6, 1, 5, 2, 3, 6, 7, 2, 4, 6, 4, 2, 4, 5, 9, 2, 1, 6, 3, 4, 4, 0, 1, 2, 2, 1, 1, 2, 0]",34892
2,"[5, 5, 1, 2, 2, 2, 5, 6, 3, 18, 5, 8, 2, 2, 2, 2, 2, 1, 3, 2, 2, 3, 2, 1, 4, 3, 3, 2, 3, 13, 4, 4, 2, 2, 3, 2, 7, 1, 29, 1, 2, 13, 3, 3, 7, 4, 2, 6, 1, 3, 9, 8, 1, 5, 3, 3, 2, 6, 5, 10, 3, 2, 6, 2, 3, 4, 2, 6, 4, 2, 1, 3, 6, 0]","[1, 5, 77, 33, 52, 63, -38, -19, 22, -213, 14, -58, 31, 47, 23, 10, 62, 40, 2, 43, 16, 22, 15, 77, 14, 53, 23, 25, 49, -139, -3, 3, -9, 58, 42, 60, -38, 66, -463, 50, 63, -176, 43, 25, -121, 36, -17, -95, 20, 63, -68, -48, 8, -24, 5, -32, 27, -32, 3, -36, 10, 40, 16, 59, 29, 30, -16, -30, -8, 48, 15, 24, -32, 53]","[547, 520, 215, 256, 291, 323, 566, 690, 312, 1723, 548, 804, 239, 303, 288, 274, 265, 150, 326, 279, 273, 395, 290, 197, 484, 339, 390, 219, 372, 1299, 480, 471, 236, 319, 347, 315, 769, 181, 2782, 153, 241, 1246, 397, 392, 708, 413, 287, 643, 142, 345, 930, 779, 154, 562, 386, 369, 231, 658, 521, 1043, 354, 257, 623, 250, 369, 434, 273, 636, 405, 288, 179, 375, 640, 120]","[3, 10, 2, 3, 2, 3, 7, 6, 4, 14, 7, 4, 2, 2, 4, 0, 2, 2, 5, 1, 0, 7, 2, 1, 2, 5, 2, 4, 5, 13, 5, 7, 1, 7, 3, 4, 6, 0, 23, 4, 2, 8, 8, 3, 5, 3, 5, 6, 1, 5, 9, 10, 2, 0, 3, 3, 3, 1, 4, 8, 5, 1, 8, 1, 5, 3, 3, 4, 4, 3, 1, 2, 8, 0]",34880
3,"[5, 5, 2, 2, 2, 3, 5, 6, 3, 17, 5, 8, 2, 3, 2, 2, 2, 1, 3, 2, 2, 3, 2, 1, 4, 3, 3, 2, 3, 12, 4, 4, 2, 3, 3, 3, 7, 1, 27, 1, 2, 12, 3, 3, 7, 4, 2, 6, 1, 3, 9, 7, 1, 5, 3, 3, 2, 6, 5, 10, 3, 2, 6, 2, 3, 4, 2, 6, 4, 2, 1, 3, 6, 1]","[-7, 10, 112, 44, 73, 77, -53, -8, 40, -315, 15, -76, 68, 68, 42, 46, 75, 76, -11, 63, 6, 38, 30, 106, 23, 84, 23, 48, 74, -217, -4, -8, -10, 88, 64, 74, -50, 86, -658, 69, 93, -234, 52, 26, -178, 51, -12, -127, 38, 75, -94, -60, 9, -43, 17, -51, 45, -40, -3, -78, 11, 39, 22, 88, 43, 54, -37, -52, -18, 67, 26, 35, -37, 68]","[537, 524, 251, 263, 312, 338, 552, 700, 330, 1629, 549, 784, 276, 326, 308, 307, 275, 185, 316, 298, 264, 407, 303, 226, 492, 370, 387, 242, 395, 1225, 480, 459, 233, 348, 367, 328, 756, 200, 2595, 172, 270, 1189, 405, 393, 651, 430, 292, 611, 160, 353, 900, 769, 155, 544, 399, 345, 249, 645, 517, 999, 355, 255, 631, 278, 382, 456, 248, 611, 396, 306, 187, 386, 637, 133]","[7, 6, 1, 6, 2, 2, 4, 7, 3, 9, 5, 10, 2, 1, 1, 5, 5, 2, 0, 3, 1, 7, 4, 1, 5, 3, 6, 2, 5, 8, 3, 5, 4, 4, 5, 4, 8, 2, 19, 1, 3, 11, 4, 3, 7, 2, 2, 6, 1, 7, 13, 5, 1, 4, 2, 8, 2, 11, 3, 12, 3, 3, 4, 3, 4, 6, 6, 9, 3, 3, 4, 3, 4, 3]",34846
4,"[5, 5, 2, 2, 3, 3, 5, 7, 3, 16, 5, 7, 2, 3, 3, 3, 2, 1, 3, 2, 2, 4, 3, 2, 4, 3, 3, 2, 3, 12, 4, 4, 2, 3, 3, 3, 7, 2, 25, 1, 2, 11, 4, 3, 6, 4, 2, 6, 1, 3, 9, 7, 1, 5, 3, 3, 2, 6, 5, 9, 3, 2, 6, 2, 3, 4, 2, 6, 3, 3, 1, 3, 6, 1]","[-12, 25, 137, 59, 89, 93, -70, -10, 49, -384, 7, -105, 91, 81, 49, 49, 90, 109, -6, 85, 31, 45, 43, 139, 27, 104, 22, 70, 83, -285, -5, -17, -25, 110, 77, 85, -78, 132, -830, 93, 121, -299, 65, 33, -225, 57, 5, -168, 54, 87, -101, -80, 5, -53, 24, -68, 50, -52, -13, -111, 29, 49, 14, 98, 56, 61, -45, -49, -24, 97, 25, 46, -18, 83]","[534, 541, 277, 278, 329, 351, 535, 700, 340, 1565, 543, 759, 297, 339, 313, 309, 291, 218, 320, 317, 286, 416, 315, 256, 496, 387, 383, 262, 401, 1161, 479, 449, 219, 373, 382, 341, 733, 244, 2422, 193, 296, 1123, 419, 399, 602, 436, 309, 570, 176, 364, 897, 747, 150, 531, 405, 327, 253, 635, 508, 960, 373, 266, 623, 287, 396, 459, 239, 612, 392, 336, 187, 397, 650, 148]","[3, 3, 1, 2, 2, 6, 5, 5, 2, 11, 3, 3, 4, 3, 5, 4, 1, 1, 4, 5, 5, 2, 4, 5, 4, 6, 6, 4, 6, 8, 4, 5, 1, 0, 1, 1, 2, 4, 26, 4, 4, 12, 3, 4, 8, 4, 2, 6, 1, 4, 5, 9, 2, 8, 4, 4, 3, 4, 4, 15, 3, 1, 6, 3, 2, 8, 3, 8, 1, 3, 0, 3, 12, 1]",34826
5,"[5, 5, 2, 2, 3, 3, 5, 7, 3, 15, 5, 7, 2, 3, 3, 3, 2, 2, 3, 3, 2, 4, 3, 2, 4, 3, 3, 2, 4, 11, 4, 4, 2, 3, 3, 3, 7, 2, 24, 1, 2, 11, 4, 3, 6, 4, 3, 5, 1, 3, 8, 7, 1, 5, 4, 3, 2, 6, 5, 9, 3, 2, 6, 2, 3, 4, 2, 6, 3, 3, 1, 3, 6, 1]","[-32, 46, 155, 78, 82, 98, -75, -32, 73, -454, 8, -137, 106, 100, 60, 71, 107, 125, -2, 91, 47, 54, 40, 149, 29, 115, 36, 98, 89, -340, -8, -26, -20, 137, 77, 105, -109, 149, -970, 114, 148, -338, 66, 53, -263, 74, 19, -201, 60, 84, -115, -97, 7, -50, 29, -71, 61, -63, -30, -117, 36, 64, 18, 118, 69, 75, -50, -64, -25, 118, 29, 52, -13, 83]","[514, 562, 293, 293, 323, 356, 531, 672, 364, 1490, 538, 725, 310, 359, 325, 329, 307, 233, 324, 322, 300, 426, 311, 264, 494, 395, 396, 290, 407, 1109, 477, 441, 223, 400, 382, 362, 707, 262, 2282, 214, 319, 1085, 416, 417, 567, 454, 318, 534, 181, 360, 876, 732, 150, 530, 409, 322, 262, 619, 493, 950, 380, 280, 623, 304, 409, 472, 234, 600, 392, 356, 188, 405, 653, 147]","[5, 5, 4, 6, 2, 3, 4, 13, 3, 20, 11, 9, 4, 2, 2, 5, 3, 3, 3, 4, 4, 3, 4, 4, 8, 6, 4, 2, 4, 8, 3, 3, 3, 3, 3, 2, 2, 1, 24, 1, 6, 10, 8, 5, 3, 3, 8, 8, 2, 4, 15, 5, 3, 9, 5, 5, 4, 11, 3, 13, 3, 3, 10, 5, 3, 5, 2, 3, 2, 4, 4, 1, 8, 2]",34749
6,"[5, 5, 2, 2, 3, 3, 5, 6, 3, 14, 5, 7, 3, 3, 3, 3, 3, 2, 3, 3, 3, 4, 3, 2, 4, 3, 3, 2, 4, 11, 4, 4, 2, 4, 3, 3, 7, 2, 22, 2, 3, 10, 4, 4, 5, 4, 3, 5, 1, 3, 8, 7, 1, 5, 4, 3, 2, 6, 4, 9, 3, 2, 6, 3, 4, 4, 2, 6, 3, 3, 1, 4, 6, 1]","[-47, 50, 179, 94, 81, 120, -77, -36, 84, -502, 5, -156, 115, 107, 70, 73, 127, 145, -4, 118, 49, 56, 59, 171, 29, 117, 35, 114, 112, -388, -3, -47, -23, 149, 80, 126, -127, 170, -1105, 124, 175, -389, 79, 55, -296, 69, 26, -209, 85, 120, -134, -115, 5, -62, 31, -84, 81, -78, -29, -147, 38, 70, 16, 139, 83, 108, -49, -89, -38, 140, 27, 62, -22, 88]","[499, 561, 315, 309, 320, 371, 530, 666, 373, 1440, 535, 708, 319, 364, 336, 332, 328, 252, 323, 349, 303, 427, 331, 282, 491, 394, 396, 307, 432, 1062, 481, 414, 219, 414, 386, 383, 692, 282, 2138, 222, 344, 1034, 428, 417, 533, 446, 325, 522, 205, 396, 852, 718, 145, 514, 414, 310, 282, 602, 497, 922, 382, 287, 619, 322, 423, 501, 233, 576, 376, 379, 186, 415, 646, 153]","[5, 10, 4, 2, 5, 10, 4, 8, 5, 16, 5, 5, 3, 5, 2, 2, 2, 3, 2, 3, 2, 5, 2, 6, 7, 6, 2, 1, 2, 10, 5, 10, 3, 2, 2, 3, 4, 3, 31, 4, 5, 10, 5, 6, 6, 7, 3, 9, 2, 3, 13, 3, 4, 9, 1, 2, 2, 8, 1, 7, 3, 1, 8, 6, 4, 8, 4, 5, 6, 2, 1, 4, 4, 0]",34690
7,"[4, 5, 3, 3, 3, 3, 5, 6, 3, 14, 5, 7, 3, 3, 3, 3, 3, 2, 3, 3, 3, 4, 3, 2, 4, 3, 3, 3, 4, 10, 4, 4, 2, 4, 3, 3, 6, 2, 21, 2, 3, 10, 4, 4, 5, 4, 3, 5, 2, 3, 8, 7, 1, 5, 4, 3, 2, 6, 4, 9, 3, 2, 6, 3, 4, 5, 2, 5, 3, 3, 1, 4, 6, 1]","[-60, 67, 202, 104, 85, 125, -89, -35, 97, -533, 0, -186, 148, 131, 87, 89, 140, 161, -5, 112, 53, 59, 60, 193, 48, 128, 45, 124, 122, -450, -13, -49, -24, 161, 103, 133, -143, 177, -1229, 132, 183, -425, 101, 73, -337, 80, 28, -237, 100, 120, -168, -132, 5, -57, 33, -94, 94, -100, -20, -176, 45, 82, 15, 150, 87, 127, -56, -83, -28, 160, 24, 61, -24, 99]","[485, 579, 338, 317, 321, 377, 521, 662, 386, 1410, 527, 675, 352, 388, 354, 348, 341, 269, 319, 342, 305, 430, 333, 304, 508, 403, 405, 315, 442, 1002, 467, 410, 220, 426, 408, 390, 672, 289, 2011, 230, 352, 994, 451, 434, 495, 456, 328, 491, 219, 392, 817, 702, 141, 520, 413, 299, 295, 581, 503, 892, 390, 295, 617, 334, 425, 518, 223, 582, 388, 399, 181, 415, 640, 164]","[5, 4, 3, 5, 6, 2, 2, 11, 3, 13, 8, 10, 3, 3, 2, 3, 3, 1, 6, 4, 5, 4, 2, 2, 6, 5, 4, 5, 4, 8, 8, 6, 0, 4, 4, 3, 10, 2, 24, 2, 3, 14, 3, 5, 2, 5, 2, 8, 3, 7, 9, 6, 5, 4, 7, 4, 2, 5, 7, 10, 2, 6, 7, 2, 6, 7, 5, 5, 1, 3, 3, 3, 10, 1]",34627
8,"[4, 5, 3, 3, 3, 3, 5, 6, 3, 14, 5, 6, 3, 3, 3, 3, 3, 2, 3, 3, 3, 4, 3, 3, 5, 4, 4, 3, 4, 10, 4, 4, 2, 4, 4, 3, 6, 2, 20, 2, 3, 9, 4, 4, 4, 4, 3, 4, 2, 3, 8, 7, 1, 5, 4, 2, 2, 5, 5, 8, 3, 2, 6, 3, 4, 5, 2, 5, 3, 3, 1, 4, 6, 1]","[-73, 88, 230, 121, 107, 133, -95, -50, 114, -609, 13, -217, 175, 137, 86, 114, 166, 166, 9, 120, 49, 78, 63, 213, 82, 147, 54, 138, 132, -493, -20, -54, -16, 176, 103, 132, -142, 185, -1368, 138, 197, -450, 109, 90, -377, 101, 30, -255, 104, 143, -189, -166, 6, -61, 32, -108, 96, -94, -28, -189, 52, 88, 18, 160, 91, 151, -72, -115, -38, 187, 27, 51, -36, 113]","[467, 596, 367, 336, 340, 382, 513, 641, 398, 1321, 535, 645, 378, 394, 351, 374, 367, 275, 332, 349, 302, 448, 336, 325, 539, 420, 414, 331, 452, 961, 459, 407, 228, 440, 409, 385, 672, 294, 1868, 234, 363, 963, 459, 445, 457, 477, 332, 473, 223, 418, 796, 670, 143, 517, 411, 286, 297, 578, 496, 873, 392, 301, 618, 343, 424, 540, 205, 551, 376, 423, 184, 406, 625, 178]","[9, 9, 2, 1, 6, 6, 7, 12, 8, 27, 10, 5, 4, 3, 5, 2, 3, 1, 4, 4, 2, 5, 3, 2, 8, 6, 4, 1, 4, 8, 5, 2, 2, 5, 3, 7, 7, 5, 24, 4, 6, 15, 4, 10, 2, 4, 1, 4, 2, 0, 8, 5, 0, 4, 5, 1, 2, 14, 4, 14, 8, 2, 8, 4, 9, 7, 4, 4, 5, 6, 1, 3, 9, 1]",34528
9,"[4, 5, 3, 3, 3, 3, 5, 6, 3, 13, 5, 6, 3, 3, 3, 3, 3, 2, 3, 3, 3, 4, 3, 3, 5, 4, 4, 3, 4, 9, 4, 4, 2, 4, 4, 3, 6, 2, 18, 2, 3, 9, 4, 4, 4, 4, 3, 4, 2, 4, 7, 6, 1, 5, 4, 2, 2, 5, 4, 8, 3, 3, 6, 3, 4, 5, 2, 5, 3, 4, 1, 4, 6, 1]","[-76, 95, 244, 139, 116, 150, -102, -63, 134, -638, 8, -216, 194, 146, 101, 117, 168, 188, 10, 133, 45, 85, 78, 228, 93, 148, 59, 153, 142, -545, -37, -62, -24, 193, 115, 127, -161, 197, -1474, 147, 214, -478, 127, 119, -411, 107, 34, -258, 113, 157, -238, -205, 3, -76, 20, -116, 104, -108, -24, -194, 59, 99, 32, 169, 99, 148, -79, -119, -49, 205, 29, 66, -32, 128]","[463, 599, 382, 351, 349, 401, 507, 621, 416, 1281, 529, 646, 396, 404, 368, 379, 364, 294, 333, 360, 295, 454, 348, 339, 546, 421, 419, 346, 461, 905, 438, 400, 220, 451, 420, 381, 650, 307, 1764, 242, 380, 932, 479, 476, 421, 483, 332, 464, 231, 432, 745, 629, 138, 502, 395, 275, 305, 560, 498, 867, 399, 309, 629, 353, 431, 536, 196, 545, 362, 438, 186, 420, 624, 194]","[5, 9, 2, 6, 3, 1, 4, 13, 5, 24, 6, 6, 4, 2, 1, 1, 8, 5, 3, 5, 6, 5, 6, 4, 9, 4, 4, 3, 5, 13, 8, 3, 2, 10, 5, 2, 9, 1, 16, 3, 3, 12, 2, 2, 6, 4, 7, 10, 3, 4, 9, 8, 3, 5, 8, 5, 2, 9, 6, 9, 3, 6, 9, 2, 5, 6, 4, 7, 6, 7, 1, 5, 11, 0]",34416
10,"[4, 5, 3, 3, 3, 4, 5, 6, 4, 12, 5, 6, 3, 4, 3, 3, 3, 2, 3, 3, 2, 4, 3, 3, 5, 4, 4, 3, 4, 9, 4, 4, 2, 4, 4, 3, 6, 3, 17, 2, 3, 9, 4, 4, 4, 4, 3, 4, 2, 4, 7, 6, 1, 5, 3, 2, 3, 5, 4, 8, 3, 3, 6, 3, 4, 5, 1, 5, 3, 4, 1, 4, 6, 1]","[-91, 99, 251, 151, 126, 161, -111, -69, 135, -679, 7, -245, 204, 152, 116, 126, 187, 195, 15, 144, 38, 110, 73, 243, 111, 155, 72, 160, 151, -578, -28, -63, -18, 201, 130, 130, -169, 208, -1552, 163, 243, -501, 134, 111, -439, 114, 25, -292, 117, 176, -252, -213, 1, -106, 25, -128, 117, -112, -30, -217, 62, 97, 34, 192, 90, 159, -79, -128, -39, 221, 36, 76, -43, 138]","[445, 596, 386, 363, 359, 412, 491, 611, 417, 1241, 526, 616, 405, 407, 376, 385, 383, 298, 339, 367, 287, 475, 344, 352, 557, 430, 432, 351, 471, 873, 449, 395, 227, 460, 428, 382, 641, 320, 1676, 257, 403, 903, 484, 461, 389, 487, 324, 426, 232, 446, 719, 623, 136, 471, 399, 258, 317, 548, 483, 843, 399, 308, 629, 370, 423, 545, 195, 535, 368, 453, 191, 427, 614, 204]","[7, 12, 6, 3, 3, 4, 12, 10, 4, 11, 7, 7, 4, 7, 10, 6, 3, 5, 2, 7, 3, 8, 2, 5, 12, 2, 4, 5, 3, 8, 2, 8, 1, 3, 11, 5, 7, 1, 27, 3, 9, 15, 6, 11, 8, 7, 2, 8, 5, 9, 19, 4, 1, 6, 4, 7, 4, 13, 13, 9, 6, 2, 8, 9, 3, 7, 2, 6, 7, 5, 3, 7, 5, 1]",34243
11,"[4, 5, 3, 3, 3, 4, 4, 6, 4, 12, 5, 6, 4, 4, 3, 3, 3, 2, 3, 3, 2, 4, 3, 3, 5, 4, 4, 3, 4, 8, 4, 3, 2, 4, 4, 3, 6, 3, 16, 2, 4, 9, 4, 4, 3, 4, 3, 4, 2, 4, 7, 6, 1, 4, 3, 2, 3, 5, 4, 8, 3, 3, 6, 3, 4, 5, 1, 5, 3, 4, 1, 4, 6, 2]","[-112, 100, 273, 166, 138, 169, -141, -69, 145, -713, 2, -243, 209, 168, 121, 145, 194, 200, 9, 146, 50, 124, 66, 254, 112, 170, 83, 177, 167, -601, -18, -60, -27, 197, 141, 159, -187, 225, -1632, 181, 259, -552, 148, 116, -458, 118, 32, -292, 118, 180, -276, -234, -3, -103, 11, -130, 117, -131, -27, -224, 60, 95, 37, 195, 86, 170, -87, -127, -42, 225, 34, 82, -34, 149]","[424, 593, 406, 376, 369, 412, 459, 606, 430, 1192, 518, 614, 408, 422, 383, 403, 390, 297, 335, 369, 292, 487, 337, 361, 558, 444, 443, 365, 486, 848, 455, 395, 217, 452, 433, 408, 621, 336, 1590, 271, 413, 847, 498, 465, 369, 488, 330, 422, 230, 446, 686, 601, 132, 472, 381, 255, 316, 530, 481, 837, 393, 305, 632, 374, 414, 556, 188, 530, 363, 459, 188, 428, 624, 213]","[4, 9, 5, 5, 5, 12, 6, 11, 1, 27, 8, 10, 6, 5, 1, 4, 3, 8, 1, 3, 9, 6, 3, 5, 5, 5, 4, 6, 5, 10, 8, 6, 3, 8, 10, 6, 8, 4, 22, 6, 10, 14, 4, 5, 4, 7, 4, 8, 5, 8, 16, 7, 1, 6, 7, 3, 4, 4, 9, 7, 7, 4, 6, 2, 9, 5, 0, 11, 5, 2, 2, 9, 5, 4]",34071
12,"[4, 5, 4, 3, 3, 4, 4, 6, 4, 11, 5, 6, 4, 4, 3, 4, 3, 2, 3, 3, 2, 4, 3, 3, 5, 4, 4, 3, 4, 8, 4, 3, 2, 4, 4, 4, 6, 3, 15, 2, 4, 8, 4, 4, 3, 4, 3, 4, 2, 4, 6, 6, 1, 4, 3, 2, 3, 5, 4, 8, 3, 3, 6, 3, 4, 5, 1, 5, 3, 4, 1, 4, 6, 2]","[-108, 106, 272, 162, 143, 180, -167, -100, 163, -749, 16, -256, 209, 191, 114, 152, 210, 213, 10, 172, 54, 118, 74, 273, 119, 183, 80, 191, 178, -625, -13, -77, -36, 213, 153, 167, -200, 228, -1700, 192, 273, -598, 154, 134, -480, 127, 36, -296, 135, 181, -302, -246, 3, -107, 16, -131, 139, -140, -32, -238, 43, 122, 26, 197, 92, 176, -92, -144, -44, 237, 37, 99, -24, 142]","[428, 595, 403, 368, 372, 422, 433, 569, 449, 1147, 530, 602, 407, 445, 368, 409, 403, 308, 336, 394, 293, 479, 341, 380, 562, 450, 436, 380, 493, 814, 457, 377, 205, 467, 446, 415, 601, 340, 1509, 279, 426, 791, 498, 484, 341, 494, 332, 417, 247, 446, 655, 585, 138, 463, 381, 253, 335, 515, 473, 820, 372, 329, 620, 373, 415, 557, 180, 509, 359, 470, 188, 445, 630, 206]","[4, 9, 6, 7, 5, 5, 4, 12, 3, 20, 7, 5, 5, 4, 11, 5, 6, 4, 3, 4, 5, 6, 7, 3, 8, 11, 8, 2, 8, 18, 7, 4, 5, 5, 3, 5, 13, 2, 28, 5, 5, 18, 10, 3, 9, 7, 5, 5, 2, 5, 11, 10, 1, 9, 8, 3, 6, 11, 7, 11, 7, 6, 7, 6, 9, 10, 4, 9, 5, 5, 4, 4, 10, 2]",33859
13,"[4, 5, 4, 3, 3, 4, 4, 5, 4, 11, 5, 6, 4, 4, 3, 4, 4, 3, 3, 3, 2, 4, 3, 3, 5, 4, 4, 3, 4, 8, 4, 3, 2, 4, 4, 4, 6, 3, 15, 2, 4, 7, 4, 4, 3, 4, 3, 4, 2, 4, 6, 5, 1, 4, 3, 2, 3, 5, 4, 8, 3, 3, 6, 3, 4, 5, 1, 5, 3, 4, 1, 4, 6, 2]","[-114, 104, 286, 174, 159, 186, -167, -105, 170, -795, 25, -258, 215, 201, 126, 161, 217, 231, 8, 172, 62, 119, 71, 294, 123, 184, 84, 191, 179, -657, -9, -80, -36, 218, 171, 182, -219, 225, -1768, 196, 294, -628, 161, 124, -493, 129, 41, -306, 134, 187, -312, -266, -2, -115, 17, -133, 146, -142, -28, -252, 49, 110, 14, 204, 95, 177, -89, -124, -34, 250, 47, 106, -35, 148]","[418, 587, 419, 382, 385, 427, 428, 560, 453, 1097, 533, 603, 413, 451, 380, 414, 409, 325, 335, 391, 300, 478, 339, 403, 564, 448, 442, 380, 486, 783, 455, 373, 204, 469, 459, 425, 579, 333, 1433, 279, 445, 756, 501, 474, 323, 495, 336, 405, 246, 444, 641, 563, 129, 453, 379, 246, 339, 507, 479, 802, 371, 317, 606, 378, 417, 553, 181, 524, 370, 480, 193, 447, 613, 207]","[8, 11, 2, 1, 6, 5, 9, 9, 7, 15, 11, 3, 4, 8, 3, 8, 5, 4, 2, 6, 3, 6, 2, 1, 7, 7, 2, 3, 12, 7, 10, 4, 3, 7, 9, 9, 9, 7, 23, 6, 6, 12, 8, 4, 8, 5, 4, 6, 2, 12, 10, 7, 5, 6, 6, 7, 6, 11, 2, 12, 10, 3, 8, 5, 5, 10, 3, 10, 2, 7, 6, 9, 12, 7]",33662
14,"[4, 5, 4, 3, 3, 4, 4, 5, 4, 10, 5, 6, 4, 4, 3, 4, 4, 3, 3, 3, 3, 4, 3, 4, 5, 4, 4, 3, 4, 7, 4, 3, 2, 4, 4, 4, 5, 3, 14, 2, 4, 7, 5, 4, 3, 4, 3, 4, 2, 4, 6, 5, 1, 4, 3, 2, 3, 5, 4, 8, 3, 3, 6, 3, 4, 5, 1, 5, 3, 4, 1, 4, 6, 2]","[-117, 113, 296, 187, 160, 186, -181, -119, 171, -819, 19, -269, 217, 212, 126, 169, 218, 247, -5, 181, 67, 111, 78, 318, 134, 188, 91, 202, 183, -698, -9, -80, -30, 236, 185, 187, -229, 243, -1822, 204, 311, -655, 181, 131, -514, 136, 43, -326, 144, 199, -334, -277, -10, -120, 14, -138, 154, -139, -40, -254, 62, 107, -1, 209, 106, 152, -89, -103, -37, 264, 41, 107, -26, 151]","[412, 593, 427, 396, 387, 427, 408, 544, 448, 1060, 525, 590, 415, 461, 378, 419, 409, 343, 324, 395, 304, 468, 342, 425, 571, 451, 446, 387, 485, 743, 457, 368, 203, 478, 466, 428, 567, 352, 1370, 288, 455, 717, 522, 480, 301, 498, 338, 386, 257, 457, 617, 550, 118, 444, 373, 239, 345, 508, 465, 797, 371, 312, 587, 379, 426, 526, 181, 542, 367, 492, 186, 445, 618, 208]","[7, 8, 6, 2, 2, 4, 10, 7, 10, 23, 7, 8, 4, 5, 5, 7, 5, 1, 1, 8, 4, 6, 7, 6, 9, 5, 7, 7, 9, 6, 2, 8, 9, 13, 11, 6, 7, 2, 23, 1, 11, 19, 4, 5, 4, 8, 3, 3, 1, 3, 8, 7, 4, 8, 6, 4, 5, 7, 6, 11, 16, 5, 10, 7, 6, 7, 1, 8, 3, 6, 2, 7, 10, 4]",33467
15,"[4, 5, 4, 3, 3, 4, 4, 5, 4, 10, 5, 5, 4, 4, 3, 4, 4, 3, 3, 3, 3, 4, 3, 4, 5, 4, 4, 3, 4, 7, 4, 3, 2, 4, 4, 4, 5, 3, 13, 2, 4, 7, 5, 4, 3, 4, 3, 3, 2, 4, 6, 5, 1, 4, 3, 2, 3, 5, 4, 7, 3, 3, 5, 3, 4, 5, 1, 5, 3, 4, 1, 4, 6, 2]","[-117, 126, 306, 195, 162, 176, -188, -134, 185, -849, 30, -280, 222, 209, 133, 154, 232, 252, -10, 190, 78, 119, 78, 322, 128, 186, 108, 209, 191, -711, -13, -80, -33, 235, 203, 190, -230, 248, -1883, 209, 323, -666, 186, 134, -537, 150, 32, -328, 138, 199, -344, -289, -12, -112, 22, -139, 177, -154, -46, -270, 62, 122, 1, 218, 107, 154, -92, -99, -38, 264, 53, 110, -27, 153]","[411, 603, 432, 404, 386, 416, 395, 529, 451, 1023, 534, 576, 419, 457, 382, 402, 420, 348, 316, 401, 306, 474, 336, 430, 565, 441, 461, 389, 488, 723, 448, 366, 198, 476, 483, 421, 560, 352, 1295, 289, 464, 701, 527, 474, 273, 509, 322, 380, 251, 450, 608, 536, 116, 444, 377, 237, 367, 489, 453, 778, 369, 326, 581, 380, 426, 519, 178, 544, 364, 490, 198, 448, 614, 207]","[5, 8, 9, 3, 6, 5, 10, 5, 15, 17, 7, 8, 5, 5, 6, 6, 7, 3, 6, 6, 12, 6, 9, 3, 5, 12, 6, 8, 9, 14, 9, 5, 4, 5, 5, 14, 11, 8, 27, 6, 7, 12, 5, 13, 8, 7, 8, 7, 2, 11, 5, 7, 1, 12, 7, 3, 4, 9, 10, 10, 5, 4, 13, 11, 5, 14, 1, 7, 5, 6, 1, 4, 9, 5]",33206
16,"[4, 6, 4, 4, 3, 4, 3, 5, 4, 10, 5, 5, 4, 4, 3, 4, 4, 3, 3, 4, 3, 4, 3, 4, 5, 4, 4, 3, 4, 7, 4, 3, 1, 4, 4, 4, 5, 3, 12, 2, 4, 7, 5, 4, 2, 5, 3, 3, 2, 4, 6, 5, 1, 4, 3, 2, 3, 4, 4, 7, 3, 3, 5, 3, 4, 5, 1, 5, 3, 4, 1, 4, 6, 2]","[-124, 129, 330, 195, 169, 187, -190, -139, 167, -873, 33, -299, 232, 210, 134, 163, 242, 258, -18, 198, 90, 128, 82, 330, 129, 184, 107, 216, 195, -733, -11, -95, -32, 248, 211, 206, -248, 256, -1920, 221, 352, -687, 199, 125, -544, 154, 46, -323, 148, 203, -369, -285, -18, -106, 27, -139, 187, -168, -61, -289, 63, 137, -8, 227, 120, 151, -99, -113, -31, 271, 56, 108, -56, 154]","[398, 599, 452, 402, 392, 426, 389, 513, 427, 983, 536, 550, 422, 459, 381, 409, 428, 352, 308, 407, 316, 474, 335, 436, 561, 431, 459, 394, 487, 691, 448, 348, 200, 484, 488, 433, 541, 356, 1248, 299, 486, 680, 536, 462, 259, 508, 332, 381, 260, 454, 584, 535, 110, 445, 379, 236, 374, 471, 436, 749, 369, 338, 569, 385, 441, 515, 170, 520, 368, 496, 196, 446, 576, 204]","[10, 13, 8, 6, 4, 5, 7, 16, 10, 26, 6, 12, 11, 3, 5, 6, 6, 5, 3, 6, 5, 13, 8, 6, 10, 12, 5, 5, 9, 17, 6, 6, 0, 9, 7, 8, 6, 7, 22, 4, 11, 7, 9, 7, 9, 10, 7, 7, 3, 4, 5, 10, 1, 9, 6, 3, 6, 8, 6, 17, 4, 6, 8, 7, 2, 6, 2, 15, 6, 5, 6, 4, 15, 6]",32932
17,"[3, 5, 4, 4, 3, 4, 3, 5, 4, 9, 5, 5, 4, 4, 3, 4, 4, 3, 3, 4, 3, 4, 3, 4, 5, 4, 4, 3, 4, 6, 4, 3, 2, 4, 4, 4, 5, 3, 12, 2, 4, 6, 5, 4, 2, 5, 3, 3, 2, 4, 5, 5, 1, 4, 3, 2, 3, 4, 4, 7, 3, 3, 5, 3, 4, 5, 1, 5, 3, 4, 1, 4, 5, 2]","[-136, 139, 335, 191, 171, 188, -193, -134, 184, -914, 40, -305, 235, 218, 137, 178, 256, 270, -18, 190, 93, 118, 78, 348, 119, 188, 111, 230, 216, -745, -7, -97, -41, 246, 216, 206, -256, 269, -1974, 239, 368, -703, 229, 133, -557, 153, 32, -332, 134, 225, -377, -297, -13, -97, 25, -147, 178, -159, -54, -315, 69, 141, -13, 233, 121, 138, -107, -119, -32, 269, 59, 109, -52, 169]","[381, 606, 456, 396, 393, 426, 386, 517, 434, 938, 541, 542, 420, 464, 381, 424, 434, 360, 308, 395, 309, 465, 330, 449, 545, 425, 459, 407, 500, 676, 449, 340, 190, 477, 491, 434, 525, 364, 1183, 316, 501, 664, 562, 470, 244, 502, 319, 368, 243, 472, 568, 514, 115, 452, 379, 227, 368, 480, 439, 712, 372, 342, 556, 388, 440, 500, 159, 512, 366, 493, 197, 445, 576, 220]","[8, 8, 5, 6, 4, 5, 3, 6, 14, 13, 7, 7, 9, 7, 6, 4, 12, 7, 3, 8, 13, 3, 4, 9, 11, 14, 8, 4, 12, 9, 7, 9, 3, 9, 6, 3, 13, 8, 23, 3, 5, 6, 9, 4, 4, 10, 2, 7, 5, 8, 13, 14, 1, 6, 1, 3, 0, 4, 8, 18, 6, 3, 13, 6, 6, 7, 4, 7, 4, 5, 3, 6, 9, 1]",32701
18,"[3, 6, 4, 3, 3, 4, 3, 5, 4, 9, 5, 5, 4, 4, 3, 4, 4, 3, 3, 3, 3, 4, 3, 4, 5, 4, 4, 4, 5, 6, 4, 3, 1, 4, 4, 4, 5, 3, 11, 3, 5, 6, 5, 4, 2, 5, 3, 3, 2, 4, 5, 5, 1, 4, 3, 2, 3, 4, 4, 7, 3, 3, 5, 3, 4, 5, 1, 5, 3, 4, 1, 4, 5, 2]","[-148, 149, 344, 202, 181, 191, -189, -140, 190, -931, 59, -324, 231, 217, 139, 182, 264, 272, -26, 206, 93, 125, 79, 367, 115, 185, 115, 232, 223, -766, -5, -104, -35, 258, 220, 206, -271, 276, -2005, 245, 369, -719, 227, 134, -566, 163, 47, -339, 136, 232, -375, -317, -14, -105, 22, -157, 182, -166, -64, -325, 73, 154, -27, 254, 110, 145, -108, -129, -31, 260, 67, 116, -44, 173]","[367, 612, 462, 406, 400, 428, 385, 508, 432, 918, 556, 517, 413, 460, 379, 419, 439, 359, 297, 410, 304, 465, 329, 471, 539, 418, 459, 407, 504, 646, 445, 330, 194, 479, 488, 431, 512, 372, 1133, 322, 498, 643, 558, 464, 231, 503, 331, 356, 244, 475, 560, 492, 113, 438, 373, 210, 370, 468, 425, 699, 373, 353, 536, 403, 427, 504, 159, 498, 366, 479, 200, 447, 573, 223]","[5, 10, 7, 4, 6, 5, 8, 8, 12, 12, 9, 11, 7, 7, 7, 13, 7, 6, 6, 4, 8, 11, 5, 1, 7, 8, 8, 6, 8, 15, 10, 6, 3, 14, 11, 7, 3, 2, 30, 3, 9, 11, 7, 11, 6, 14, 6, 8, 3, 8, 15, 7, 2, 10, 6, 9, 5, 9, 8, 10, 6, 5, 11, 9, 6, 8, 0, 9, 4, 9, 6, 9, 16, 3]",32407
19,"[3, 6, 4, 4, 4, 4, 3, 5, 4, 9, 5, 5, 4, 4, 3, 4, 4, 3, 2, 4, 3, 4, 3, 4, 5, 4, 4, 4, 5, 6, 4, 3, 1, 4, 4, 4, 5, 3, 11, 3, 4, 6, 5, 4, 2, 5, 3, 3, 2, 4, 5, 4, 1, 4, 3, 2, 3, 4, 4, 6, 3, 3, 5, 4, 4, 5, 1, 4, 3, 4, 2, 4, 5, 2]","[-155, 144, 356, 221, 191, 179, -200, -149, 192, -949, 66, -324, 250, 229, 146, 191, 259, 292, -38, 208, 89, 109, 93, 395, 125, 200, 110, 232, 211, -792, 3, -116, -37, 290, 245, 209, -273, 293, -2054, 256, 385, -728, 241, 130, -584, 167, 51, -344, 144, 233, -400, -327, -14, -118, 11, -171, 188, -173, -73, -337, 81, 155, -51, 260, 110, 129, -116, -143, -25, 279, 70, 127, -34, 180]","[352, 599, 468, 424, 406, 415, 372, 497, 432, 892, 557, 515, 430, 468, 384, 424, 435, 376, 281, 411, 300, 443, 339, 496, 549, 429, 448, 404, 493, 619, 453, 316, 188, 512, 506, 431, 503, 389, 1082, 334, 508, 616, 569, 452, 211, 503, 328, 349, 249, 472, 528, 474, 112, 420, 359, 193, 373, 453, 417, 682, 381, 353, 508, 397, 423, 486, 148, 480, 364, 495, 201, 453, 577, 229]","[11, 14, 10, 5, 8, 5, 5, 7, 6, 17, 11, 7, 6, 8, 5, 8, 3, 6, 6, 5, 3, 10, 7, 7, 5, 8, 10, 7, 4, 7, 4, 5, 5, 3, 11, 7, 12, 3, 13, 2, 10, 24, 8, 12, 4, 9, 10, 5, 5, 8, 12, 12, 2, 9, 6, 5, 6, 12, 3, 11, 3, 4, 9, 16, 8, 7, 4, 8, 11, 7, 4, 9, 11, 3]",32135
20,"[3, 5, 4, 4, 4, 4, 3, 4, 4, 8, 5, 5, 4, 4, 3, 4, 4, 3, 2, 4, 3, 4, 3, 4, 5, 4, 4, 4, 4, 6, 4, 3, 1, 5, 5, 4, 5, 3, 10, 3, 5, 6, 5, 4, 2, 5, 3, 3, 2, 4, 5, 4, 1, 4, 3, 1, 3, 4, 4, 6, 3, 3, 5, 3, 4, 4, 1, 4, 3, 4, 2, 4, 5, 2]","[-165, 171, 376, 216, 190, 182, -203, -147, 189, -990, 64, -327, 264, 241, 146, 203, 262, 301, -40, 215, 87, 112, 103, 400, 125, 196, 110, 258, 209, -794, -5, -118, -31, 289, 255, 207, -279, 301, -2092, 257, 395, -734, 248, 124, -591, 160, 42, -358, 147, 244, -414, -331, -11, -117, -2, -174, 186, -173, -65, -366, 79, 152, -47, 273, 116, 153, -118, -144, -35, 285, 68, 130, -34, 174]","[338, 617, 482, 417, 400, 417, 367, 493, 422, 843, 549, 506, 440, 475, 378, 436, 434, 382, 277, 417, 297, 443, 348, 495, 547, 419, 441, 430, 487, 610, 439, 312, 188, 506, 512, 426, 489, 393, 1041, 330, 517, 608, 561, 440, 202, 488, 315, 331, 249, 479, 505, 462, 110, 420, 338, 186, 363, 449, 419, 656, 369, 349, 508, 405, 431, 504, 144, 474, 349, 498, 198, 452, 571, 223]","[7, 14, 10, 6, 9, 5, 5, 10, 11, 16, 11, 11, 8, 9, 9, 4, 8, 6, 4, 5, 4, 7, 4, 10, 7, 10, 11, 4, 8, 13, 10, 5, 7, 10, 9, 7, 13, 7, 13, 8, 6, 8, 20, 10, 4, 13, 7, 7, 5, 8, 14, 12, 6, 5, 11, 5, 11, 8, 10, 3, 13, 4, 9, 8, 2, 10, 3, 9, 8, 7, 3, 8, 11, 2]",31816
21,"[3, 6, 4, 4, 4, 4, 3, 4, 4, 8, 5, 5, 4, 4, 3, 4, 4, 3, 2, 4, 2, 4, 3, 4, 5, 4, 4, 4, 4, 6, 4, 3, 1, 5, 5, 4, 4, 3, 10, 3, 5, 6, 5, 4, 2, 4, 3, 3, 2, 4, 5, 4, 1, 4, 3, 1, 3, 4, 4, 6, 3, 3, 5, 4, 4, 5, 1, 4, 3, 4, 1, 4, 5, 2]","[-161, 168, 376, 213, 193, 175, -213, -160, 196, -1000, 73, -340, 283, 245, 157, 204, 267, 310, -44, 225, 92, 100, 111, 389, 146, 216, 101, 279, 212, -808, 1, -120, -41, 299, 272, 210, -292, 296, -2130, 259, 372, -765, 252, 126, -599, 158, 45, -347, 149, 245, -408, -334, -12, -112, -13, -172, 199, -180, -72, -386, 71, 153, -51, 281, 133, 166, -120, -148, -42, 293, 63, 151, -31, 176]","[340, 604, 477, 409, 398, 405, 345, 476, 427, 826, 550, 489, 449, 466, 385, 433, 439, 386, 271, 421, 301, 424, 351, 481, 561, 431, 430, 447, 488, 591, 438, 306, 177, 514, 527, 415, 470, 381, 999, 324, 482, 574, 556, 438, 194, 478, 313, 338, 248, 476, 512, 457, 109, 420, 320, 183, 376, 435, 405, 630, 354, 344, 497, 410, 441, 511, 141, 468, 340, 500, 191, 466, 562, 223]","[5, 16, 9, 9, 9, 9, 15, 8, 6, 15, 13, 9, 14, 17, 7, 8, 4, 8, 4, 10, 3, 11, 8, 7, 12, 12, 6, 8, 6, 11, 11, 7, 2, 7, 7, 18, 10, 10, 14, 11, 17, 9, 14, 8, 2, 12, 8, 7, 5, 8, 4, 6, 1, 9, 10, 6, 3, 11, 11, 12, 10, 9, 12, 7, 11, 11, 2, 6, 5, 10, 3, 11, 17, 4]",31444
22,"[3, 6, 4, 4, 3, 4, 3, 4, 4, 8, 5, 4, 4, 4, 3, 4, 4, 3, 2, 4, 3, 4, 3, 4, 5, 4, 4, 4, 4, 5, 4, 3, 1, 5, 5, 4, 4, 3, 9, 3, 4, 5, 5, 4, 1, 4, 3, 3, 2, 4, 5, 4, 1, 4, 3, 1, 3, 4, 4, 6, 3, 3, 4, 4, 4, 5, 1, 4, 3, 5, 1, 4, 5, 2]","[-160, 173, 385, 211, 199, 183, -221, -181, 204, -1013, 85, -328, 280, 254, 167, 210, 271, 320, -44, 210, 97, 105, 114, 404, 148, 210, 105, 287, 216, -823, 9, -119, -40, 292, 256, 202, -295, 309, -2162, 255, 387, -784, 259, 138, -605, 153, 45, -346, 159, 251, -405, -340, -9, -114, -13, -169, 195, -181, -74, -398, 63, 148, -56, 282, 133, 171, -118, -146, -38, 286, 60, 157, -42, 176]","[332, 602, 487, 405, 400, 411, 331, 452, 430, 808, 556, 496, 441, 473, 387, 433, 441, 393, 262, 403, 304, 426, 352, 490, 562, 424, 428, 452, 491, 568, 438, 299, 177, 499, 500, 401, 461, 390, 961, 315, 490, 553, 556, 445, 183, 468, 312, 332, 257, 477, 510, 445, 111, 415, 318, 183, 366, 427, 399, 611, 345, 338, 486, 405, 439, 507, 140, 466, 343, 486, 187, 467, 551, 219]","[12, 13, 3, 6, 7, 6, 9, 7, 9, 13, 11, 9, 9, 6, 11, 10, 6, 6, 11, 7, 5, 7, 5, 10, 6, 5, 10, 7, 5, 13, 12, 11, 2, 13, 16, 10, 10, 7, 15, 8, 11, 7, 12, 9, 6, 9, 4, 10, 3, 9, 10, 10, 2, 7, 5, 4, 9, 11, 8, 13, 4, 4, 10, 10, 6, 14, 4, 8, 4, 12, 2, 9, 5, 6]",31118
23,"[3, 6, 4, 4, 4, 4, 3, 4, 4, 8, 5, 4, 4, 4, 3, 4, 4, 3, 2, 4, 3, 4, 3, 4, 5, 4, 4, 4, 4, 5, 4, 2, 1, 4, 5, 4, 4, 3, 9, 3, 4, 5, 5, 4, 1, 4, 3, 3, 2, 4, 5, 4, 1, 4, 3, 1, 3, 4, 3, 6, 3, 3, 4, 4, 4, 5, 1, 4, 3, 4, 1, 4, 5, 2]","[-161, 168, 403, 208, 198, 190, -209, -188, 208, -1042, 87, -341, 281, 247, 157, 217, 278, 311, -45, 223, 88, 128, 116, 414, 154, 229, 113, 301, 220, -848, 16, -127, -40, 294, 269, 201, -291, 319, -2186, 256, 396, -806, 285, 136, -608, 160, 39, -341, 163, 254, -416, -346, -5, -118, -16, -175, 197, -188, -87, -425, 53, 160, -70, 294, 149, 175, -115, -165, -42, 302, 50, 158, -39, 175]","[329, 588, 502, 400, 397, 415, 340, 441, 427, 769, 553, 479, 442, 463, 374, 433, 447, 381, 260, 414, 290, 441, 351, 492, 565, 436, 430, 460, 487, 538, 435, 289, 175, 491, 510, 398, 456, 397, 927, 315, 494, 517, 576, 439, 177, 475, 297, 337, 257, 471, 494, 432, 115, 409, 309, 173, 362, 414, 380, 578, 329, 348, 466, 413, 447, 506, 143, 442, 336, 499, 176, 461, 548, 218]","[5, 15, 7, 6, 6, 7, 6, 8, 11, 18, 10, 8, 4, 7, 6, 11, 5, 6, 3, 6, 8, 12, 6, 12, 8, 11, 10, 10, 12, 10, 14, 4, 3, 14, 8, 6, 13, 6, 19, 4, 9, 19, 11, 8, 4, 4, 12, 3, 6, 13, 10, 11, 1, 6, 9, 5, 9, 10, 9, 12, 9, 5, 10, 8, 12, 10, 1, 9, 6, 7, 2, 11, 11, 2]",30775
24,"[3, 5, 5, 4, 3, 4, 3, 4, 4, 7, 5, 4, 4, 4, 3, 4, 4, 3, 2, 4, 2, 4, 3, 4, 5, 4, 4, 4, 4, 5, 4, 2, 1, 4, 5, 3, 4, 3, 9, 3, 4, 5, 5, 4, 1, 4, 2, 3, 2, 4, 4, 4, 1, 4, 3, 1, 3, 4, 3, 5, 3, 3, 4, 4, 4, 5, 1, 4, 3, 4, 1, 4, 5, 2]","[-164, 167, 395, 210, 197, 193, -204, -179, 212, -1058, 85, -341, 280, 250, 147, 225, 282, 322, -39, 227, 91, 128, 116, 413, 157, 227, 116, 302, 231, -857, 21, -135, -45, 297, 276, 201, -291, 318, -2230, 258, 404, -816, 290, 136, -612, 170, 31, -338, 166, 255, -424, -347, -10, -115, -16, -176, 209, -190, -75, -427, 52, 160, -80, 305, 144, 189, -116, -174, -45, 299, 50, 150, -33, 183]","[320, 581, 486, 402, 389, 415, 336, 444, 427, 745, 538, 474, 434, 460, 355, 433, 441, 391, 265, 416, 284, 439, 346, 484, 566, 428, 422, 460, 492, 521, 433, 275, 167, 490, 510, 397, 451, 389, 868, 316, 490, 499, 574, 436, 172, 475, 283, 335, 258, 463, 478, 424, 109, 405, 304, 167, 371, 403, 387, 569, 326, 343, 448, 418, 442, 516, 139, 427, 332, 491, 172, 448, 548, 224]","[9, 11, 13, 4, 10, 7, 12, 10, 8, 15, 18, 9, 11, 10, 12, 12, 14, 4, 3, 6, 11, 6, 8, 11, 7, 10, 15, 5, 10, 13, 11, 8, 4, 8, 12, 4, 9, 10, 24, 4, 16, 13, 12, 7, 2, 14, 8, 8, 4, 13, 12, 11, 2, 11, 8, 6, 6, 13, 8, 12, 5, 8, 12, 10, 4, 9, 4, 10, 4, 9, 5, 9, 11, 4]",30366
25,"[3, 5, 4, 4, 3, 4, 3, 4, 4, 7, 5, 4, 4, 4, 3, 4, 4, 3, 2, 4, 2, 4, 3, 4, 5, 4, 4, 4, 4, 5, 4, 2, 1, 4, 5, 3, 4, 3, 8, 3, 4, 4, 5, 4, 1, 4, 2, 3, 2, 4, 4, 4, 1, 4, 3, 1, 3, 4, 3, 5, 3, 3, 4, 4, 4, 5, 1, 4, 3, 4, 1, 4, 5, 2]","[-166, 147, 396, 221, 184, 189, -206, -178, 218, -1080, 102, -337, 289, 245, 151, 220, 279, 327, -38, 219, 81, 131, 115, 426, 169, 227, 123, 293, 246, -847, 23, -139, -45, 310, 272, 199, -306, 317, -2248, 254, 403, -831, 316, 136, -621, 170, 43, -342, 170, 243, -444, -345, -9, -102, -15, -169, 206, -190, -75, -437, 55, 162, -89, 313, 136, 200, -116, -164, -32, 293, 44, 152, -28, 184]","[318, 557, 485, 411, 367, 403, 332, 439, 428, 714, 555, 477, 443, 438, 356, 422, 437, 397, 262, 409, 268, 439, 339, 488, 572, 421, 425, 450, 503, 526, 429, 267, 166, 499, 493, 386, 432, 382, 838, 308, 484, 476, 593, 426, 161, 472, 291, 327, 257, 449, 451, 423, 110, 409, 304, 171, 364, 396, 378, 555, 322, 341, 431, 424, 432, 526, 139, 432, 337, 482, 161, 447, 545, 224]","[3, 9, 6, 6, 12, 12, 5, 10, 9, 16, 5, 5, 4, 21, 6, 10, 5, 2, 6, 3, 8, 7, 9, 13, 11, 11, 8, 5, 8, 10, 10, 6, 2, 8, 18, 12, 8, 9, 20, 7, 9, 12, 12, 14, 3, 7, 6, 7, 7, 6, 11, 7, 1, 13, 4, 4, 7, 11, 12, 9, 10, 7, 12, 6, 6, 6, 1, 9, 11, 7, 6, 7, 13, 3]",30021
26,"[3, 5, 4, 4, 3, 4, 3, 4, 4, 7, 5, 4, 4, 4, 3, 4, 4, 3, 2, 4, 2, 4, 3, 4, 5, 4, 4, 4, 5, 5, 4, 2, 1, 4, 4, 3, 4, 3, 8, 3, 4, 4, 5, 4, 1, 4, 2, 3, 2, 4, 4, 4, 1, 4, 3, 1, 3, 3, 3, 5, 3, 3, 4, 4, 4, 5, 1, 4, 3, 4, 1, 4, 5, 2]","[-166, 149, 396, 230, 198, 192, -206, -176, 214, -1085, 99, -345, 293, 257, 148, 230, 302, 335, -47, 221, 66, 125, 116, 435, 179, 238, 115, 288, 238, -845, 27, -141, -48, 289, 270, 196, -308, 318, -2278, 264, 410, -840, 312, 142, -630, 168, 48, -338, 170, 227, -443, -348, -10, -100, -17, -173, 219, -182, -77, -445, 52, 179, -101, 318, 143, 183, -118, -164, -42, 304, 48, 156, -21, 187]","[315, 552, 484, 417, 375, 399, 328, 434, 415, 693, 549, 463, 440, 445, 349, 429, 453, 403, 250, 409, 248, 432, 337, 490, 569, 424, 413, 439, 483, 521, 428, 259, 163, 475, 485, 381, 428, 376, 799, 313, 485, 464, 578, 424, 149, 461, 292, 323, 256, 421, 444, 413, 108, 411, 298, 164, 374, 397, 375, 535, 311, 352, 409, 423, 435, 506, 134, 425, 324, 494, 162, 446, 544, 222]","[6, 12, 5, 7, 9, 11, 7, 11, 13, 23, 8, 10, 11, 9, 7, 7, 11, 5, 5, 6, 7, 5, 6, 11, 18, 12, 8, 10, 17, 12, 9, 8, 1, 7, 10, 5, 6, 10, 17, 8, 10, 7, 16, 12, 4, 13, 6, 11, 3, 16, 12, 11, 2, 4, 7, 4, 6, 10, 4, 17, 11, 9, 14, 10, 8, 8, 4, 11, 6, 3, 4, 9, 13, 7]",29624
27,"[3, 5, 4, 4, 3, 3, 3, 4, 4, 6, 5, 4, 4, 4, 3, 4, 4, 4, 2, 4, 2, 4, 3, 4, 5, 4, 4, 4, 4, 5, 4, 2, 1, 4, 4, 3, 4, 3, 7, 3, 4, 4, 5, 4, 1, 4, 2, 3, 2, 4, 4, 4, 1, 4, 2, 1, 3, 3, 3, 5, 3, 3, 4, 4, 4, 5, 1, 4, 3, 4, 1, 4, 5, 2]","[-178, 143, 414, 229, 210, 205, -196, -177, 211, -1086, 82, -347, 299, 256, 144, 222, 311, 356, -36, 210, 65, 140, 115, 444, 176, 236, 112, 293, 234, -845, 11, -145, -50, 289, 276, 197, -320, 338, -2296, 255, 413, -844, 312, 145, -632, 167, 52, -342, 171, 249, -446, -363, -14, -106, -17, -176, 219, -189, -72, -457, 46, 185, -85, 319, 142, 175, -124, -165, -42, 302, 55, 146, -16, 195]","[302, 542, 499, 409, 382, 412, 327, 423, 411, 690, 526, 462, 443, 440, 335, 414, 458, 419, 258, 394, 242, 441, 333, 492, 558, 415, 404, 437, 474, 514, 408, 251, 158, 468, 482, 379, 412, 394, 775, 299, 475, 454, 567, 418, 144, 456, 291, 313, 255, 441, 436, 398, 102, 399, 294, 159, 371, 385, 376, 518, 299, 355, 423, 413, 424, 491, 129, 420, 321, 490, 166, 430, 544, 230]","[4, 9, 7, 11, 8, 3, 14, 14, 5, 8, 11, 3, 7, 8, 13, 11, 8, 9, 5, 8, 7, 10, 6, 11, 13, 11, 10, 11, 9, 12, 8, 6, 4, 11, 13, 6, 8, 5, 13, 8, 17, 10, 16, 13, 4, 8, 7, 9, 4, 6, 9, 4, 3, 10, 6, 3, 6, 8, 7, 10, 9, 6, 6, 15, 14, 12, 0, 8, 6, 6, 4, 10, 10, 2]",29269
28,"[3, 5, 4, 4, 3, 4, 3, 4, 4, 6, 5, 4, 4, 4, 3, 4, 4, 4, 2, 3, 2, 4, 3, 4, 5, 4, 4, 4, 4, 5, 4, 2, 1, 4, 4, 3, 4, 3, 7, 2, 4, 4, 5, 4, 1, 4, 2, 3, 2, 4, 4, 3, 1, 3, 2, 1, 3, 3, 3, 5, 2, 3, 4, 4, 4, 4, 1, 4, 3, 4, 1, 4, 5, 2]","[-184, 153, 411, 230, 208, 205, -194, -194, 229, -1105, 90, -351, 295, 257, 148, 229, 296, 342, -28, 209, 64, 138, 119, 454, 181, 244, 109, 300, 254, -853, 10, -147, -46, 282, 278, 205, -321, 346, -2316, 251, 423, -854, 316, 152, -635, 183, 43, -349, 171, 247, -451, -366, -17, -101, -19, -172, 215, -186, -73, -456, 43, 174, -84, 319, 151, 169, -131, -171, -27, 309, 54, 155, -30, 200]","[292, 546, 489, 400, 376, 407, 324, 402, 428, 657, 524, 446, 439, 437, 333, 411, 441, 401, 261, 385, 233, 430, 334, 504, 555, 412, 390, 445, 488, 496, 402, 242, 160, 459, 480, 383, 409, 395, 741, 294, 481, 438, 564, 424, 141, 471, 281, 303, 255, 433, 419, 388, 97, 398, 289, 160, 365, 379, 369, 516, 290, 340, 419, 407, 424, 479, 120, 409, 331, 488, 163, 436, 522, 233]","[7, 11, 11, 14, 7, 9, 8, 8, 5, 20, 15, 16, 4, 8, 9, 14, 6, 8, 7, 11, 10, 13, 6, 2, 13, 15, 15, 3, 10, 15, 9, 9, 3, 6, 8, 7, 6, 10, 21, 3, 8, 10, 12, 5, 1, 5, 3, 6, 2, 10, 16, 10, 3, 9, 5, 4, 5, 12, 9, 8, 8, 7, 9, 10, 13, 10, 3, 9, 8, 13, 3, 7, 13, 4]",28883
29,"[2, 5, 4, 4, 3, 4, 3, 4, 4, 6, 5, 4, 4, 4, 3, 4, 4, 4, 2, 3, 2, 4, 3, 5, 5, 4, 3, 4, 4, 4, 4, 2, 1, 4, 4, 3, 4, 3, 7, 2, 4, 4, 5, 4, 1, 4, 2, 3, 2, 4, 4, 3, 0, 3, 2, 1, 3, 3, 3, 5, 2, 3, 4, 4, 4, 4, 1, 4, 3, 4, 1, 4, 5, 2]","[-189, 161, 401, 220, 197, 199, -196, -205, 239, -1109, 113, -340, 298, 268, 162, 243, 304, 330, -34, 204, 68, 151, 119, 455, 181, 231, 118, 280, 258, -863, 17, -136, -41, 281, 272, 209, -329, 347, -2343, 258, 424, -861, 315, 155, -631, 195, 44, -355, 174, 265, -461, -386, -17, -88, -18, -172, 208, -187, -83, -455, 41, 186, -77, 325, 142, 171, -133, -170, -18, 284, 54, 151, -15, 194]","[281, 550, 468, 383, 357, 395, 322, 388, 434, 642, 542, 448, 433, 442, 342, 415, 447, 383, 248, 377, 231, 438, 333, 500, 543, 397, 398, 418, 483, 482, 407, 250, 162, 452, 465, 384, 396, 387, 703, 298, 471, 423, 556, 418, 143, 476, 275, 292, 252, 437, 406, 362, 97, 407, 284, 156, 351, 366, 355, 496, 286, 349, 421, 406, 411, 472, 117, 400, 334, 461, 159, 430, 530, 223]","[8, 9, 15, 11, 11, 10, 3, 7, 8, 17, 10, 13, 13, 10, 8, 14, 6, 10, 9, 6, 8, 9, 4, 10, 17, 6, 4, 11, 13, 8, 6, 5, 4, 10, 13, 6, 9, 12, 18, 5, 15, 12, 12, 13, 3, 11, 9, 8, 8, 18, 7, 9, 0, 7, 8, 5, 10, 15, 7, 26, 4, 6, 9, 11, 8, 13, 2, 14, 9, 6, 5, 6, 12, 6]",28446
30,"[2, 5, 4, 3, 3, 3, 3, 3, 4, 6, 5, 4, 4, 4, 3, 4, 4, 3, 2, 3, 2, 4, 3, 5, 5, 3, 3, 4, 4, 4, 4, 2, 1, 4, 4, 3, 3, 3, 7, 2, 4, 4, 5, 4, 1, 4, 2, 2, 2, 4, 4, 3, 0, 4, 2, 1, 3, 3, 3, 4, 2, 3, 4, 4, 4, 4, 1, 4, 3, 4, 1, 4, 5, 2]","[-191, 168, 397, 217, 192, 198, -204, -218, 239, -1109, 107, -351, 295, 268, 168, 260, 294, 334, -37, 218, 71, 145, 130, 460, 176, 231, 127, 281, 262, -872, 21, -144, -33, 300, 270, 215, -334, 370, -2361, 270, 442, -875, 329, 165, -636, 195, 43, -364, 169, 265, -463, -390, -18, -90, -26, -173, 214, -190, -80, -464, 40, 192, -83, 316, 146, 170, -131, -173, -24, 280, 57, 156, -16, 187]","[276, 549, 453, 372, 351, 386, 306, 374, 432, 632, 529, 429, 424, 433, 340, 421, 432, 378, 242, 387, 232, 422, 341, 501, 533, 394, 406, 414, 480, 469, 404, 234, 169, 465, 458, 386, 388, 405, 675, 306, 483, 403, 558, 422, 135, 462, 273, 279, 241, 431, 396, 354, 95, 401, 267, 152, 356, 362, 355, 481, 281, 346, 410, 390, 408, 467, 118, 392, 324, 448, 158, 425, 521, 209]","[5, 13, 15, 11, 4, 11, 11, 4, 6, 16, 12, 12, 10, 13, 11, 15, 9, 12, 5, 7, 4, 14, 6, 9, 10, 6, 4, 9, 11, 8, 11, 10, 2, 10, 9, 7, 6, 8, 17, 6, 10, 10, 17, 10, 4, 18, 3, 6, 8, 10, 12, 7, 1, 8, 11, 4, 4, 4, 6, 10, 6, 12, 9, 11, 11, 8, 2, 9, 7, 13, 5, 14, 13, 9]",28031
31,"[2, 5, 4, 3, 3, 3, 3, 3, 4, 6, 5, 4, 4, 4, 3, 4, 4, 3, 2, 3, 2, 4, 3, 5, 5, 3, 4, 4, 4, 4, 4, 2, 1, 4, 4, 3, 3, 4, 6, 3, 4, 4, 5, 4, 1, 4, 2, 2, 2, 4, 3, 3, 0, 4, 2, 1, 3, 3, 3, 4, 2, 3, 4, 3, 4, 4, 1, 3, 3, 4, 1, 4, 5, 2]","[-184, 150, 403, 206, 205, 205, -205, -214, 229, -1106, 99, -339, 292, 265, 160, 253, 291, 331, -32, 221, 76, 155, 128, 456, 173, 221, 130, 284, 281, -877, 24, -140, -37, 311, 275, 204, -322, 365, -2386, 276, 444, -886, 338, 176, -641, 195, 40, -364, 178, 273, -471, -399, -16, -90, -21, -175, 210, -184, -81, -469, 44, 181, -87, 318, 165, 165, -126, -162, -30, 292, 52, 150, -31, 185]","[276, 527, 451, 355, 354, 390, 297, 379, 416, 624, 516, 441, 411, 426, 330, 412, 426, 373, 244, 384, 234, 432, 335, 491, 523, 378, 406, 411, 489, 455, 401, 236, 158, 462, 455, 373, 398, 397, 638, 307, 479, 384, 557, 424, 124, 462, 261, 274, 243, 430, 378, 341, 95, 394, 273, 146, 347, 362, 341, 465, 278, 325, 403, 385, 421, 454, 122, 400, 315, 455, 150, 416, 504, 201]","[9, 9, 12, 9, 13, 6, 11, 2, 10, 17, 10, 4, 14, 8, 5, 6, 7, 5, 5, 9, 5, 4, 7, 11, 12, 9, 7, 10, 14, 13, 10, 4, 8, 18, 12, 5, 5, 7, 18, 8, 10, 12, 15, 13, 7, 4, 11, 7, 9, 13, 13, 7, 2, 11, 1, 5, 8, 9, 16, 15, 9, 13, 7, 10, 10, 12, 2, 6, 6, 9, 4, 7, 7, 8]",27620
32,"[2, 5, 4, 3, 3, 3, 2, 3, 4, 6, 5, 4, 4, 4, 3, 4, 4, 3, 2, 3, 2, 4, 3, 4, 5, 3, 4, 4, 4, 4, 4, 2, 1, 4, 4, 3, 3, 3, 6, 3, 4, 3, 5, 4, 1, 4, 2, 2, 2, 4, 3, 3, 0, 3, 2, 1, 3, 3, 3, 4, 2, 3, 4, 3, 4, 4, 1, 4, 3, 4, 1, 4, 5, 2]","[-196, 158, 411, 193, 212, 202, -204, -233, 221, -1120, 107, -346, 295, 285, 161, 251, 294, 330, -38, 232, 73, 158, 120, 465, 183, 237, 124, 281, 292, -889, 22, -145, -37, 304, 278, 204, -339, 360, -2411, 280, 458, -891, 341, 176, -649, 191, 40, -359, 175, 274, -475, -411, -11, -83, -18, -173, 214, -189, -89, -473, 48, 186, -89, 338, 168, 178, -120, -169, -29, 295, 52, 151, -20, 188]","[259, 522, 455, 335, 357, 380, 292, 356, 406, 596, 517, 428, 413, 438, 327, 402, 422, 371, 231, 391, 226, 431, 323, 492, 530, 388, 399, 407, 493, 433, 395, 230, 153, 455, 449, 365, 373, 385, 607, 305, 482, 375, 549, 421, 114, 451, 255, 273, 239, 426, 370, 324, 95, 397, 268, 147, 348, 347, 331, 460, 281, 321, 394, 399, 421, 457, 123, 388, 310, 454, 144, 415, 511, 204]","[7, 18, 8, 10, 7, 10, 8, 7, 6, 20, 12, 10, 5, 12, 7, 12, 11, 4, 9, 7, 7, 8, 7, 12, 8, 9, 5, 5, 11, 14, 8, 3, 6, 4, 13, 11, 11, 10, 12, 9, 15, 7, 16, 7, 3, 11, 8, 8, 3, 9, 7, 8, 5, 7, 10, 2, 6, 13, 5, 5, 3, 12, 11, 9, 7, 14, 6, 9, 9, 8, 7, 6, 9, 2]",27231
33,"[2, 5, 4, 3, 3, 3, 2, 3, 4, 5, 5, 4, 4, 4, 3, 4, 4, 3, 2, 3, 2, 4, 3, 4, 5, 3, 3, 4, 4, 4, 3, 2, 1, 4, 4, 3, 3, 3, 6, 3, 4, 3, 5, 4, 1, 4, 2, 2, 2, 4, 3, 3, 0, 3, 2, 1, 3, 3, 3, 4, 2, 3, 3, 3, 4, 4, 1, 3, 3, 4, 1, 4, 5, 2]","[-199, 151, 398, 207, 234, 203, -197, -236, 220, -1125, 114, -352, 304, 292, 154, 238, 300, 328, -34, 224, 93, 168, 126, 481, 181, 230, 127, 283, 290, -889, 13, -147, -39, 293, 292, 208, -341, 353, -2418, 277, 446, -899, 341, 179, -656, 193, 33, -369, 177, 275, -482, -407, -11, -80, -11, -179, 216, -201, -94, -481, 54, 184, -88, 341, 162, 197, -116, -164, -29, 286, 59, 161, -24, 182]","[247, 508, 441, 344, 371, 375, 295, 347, 397, 574, 516, 419, 417, 441, 314, 385, 421, 365, 233, 376, 243, 429, 320, 500, 519, 379, 398, 407, 483, 426, 382, 227, 151, 440, 457, 364, 364, 367, 592, 300, 462, 362, 547, 418, 104, 446, 244, 256, 236, 422, 358, 321, 93, 397, 271, 139, 346, 329, 320, 441, 286, 315, 388, 398, 413, 464, 123, 386, 308, 441, 150, 411, 501, 194]","[11, 12, 5, 8, 11, 9, 6, 9, 12, 22, 13, 7, 9, 8, 9, 8, 11, 7, 4, 10, 5, 16, 12, 12, 14, 5, 7, 6, 12, 11, 7, 3, 1, 8, 10, 8, 10, 14, 14, 5, 12, 8, 7, 10, 4, 11, 6, 9, 7, 9, 8, 10, 2, 6, 6, 3, 7, 9, 9, 15, 3, 7, 10, 7, 6, 16, 5, 10, 5, 8, 2, 18, 11, 6]",26824
34,"[2, 5, 4, 3, 3, 3, 2, 3, 3, 5, 5, 4, 4, 4, 3, 3, 4, 3, 2, 3, 2, 4, 3, 5, 5, 3, 3, 4, 4, 4, 3, 2, 1, 4, 4, 3, 3, 3, 5, 3, 4, 3, 5, 4, 1, 4, 2, 2, 2, 4, 3, 3, 0, 3, 2, 1, 3, 3, 3, 4, 2, 3, 3, 3, 4, 4, 1, 3, 3, 4, 1, 4, 5, 1]","[-200, 157, 392, 210, 234, 198, -192, -240, 222, -1128, 113, -349, 311, 309, 159, 244, 298, 345, -40, 204, 96, 184, 117, 484, 174, 229, 132, 286, 302, -897, 20, -141, -43, 297, 295, 215, -353, 366, -2429, 279, 450, -911, 323, 174, -659, 191, 44, -365, 175, 267, -483, -415, -12, -81, -3, -184, 217, -210, -91, -486, 51, 180, -90, 342, 157, 200, -115, -174, -22, 287, 59, 160, -17, 181]","[242, 503, 431, 336, 368, 366, 300, 342, 391, 557, 504, 414, 416, 451, 317, 384, 417, 372, 224, 350, 242, 438, 305, 493, 501, 368, 395, 405, 487, 410, 380, 233, 141, 435, 449, 367, 345, 373, 566, 297, 465, 338, 518, 408, 93, 439, 246, 257, 232, 407, 352, 309, 90, 389, 274, 134, 339, 316, 315, 428, 277, 306, 382, 387, 398, 454, 120, 368, 310, 435, 147, 400, 506, 190]","[6, 16, 8, 14, 6, 7, 2, 4, 11, 19, 16, 12, 12, 11, 5, 10, 6, 13, 5, 9, 6, 11, 9, 15, 16, 13, 11, 9, 12, 12, 12, 2, 7, 13, 15, 7, 10, 10, 20, 8, 5, 15, 16, 9, 9, 9, 11, 5, 4, 11, 8, 7, 2, 10, 7, 1, 11, 7, 11, 12, 8, 8, 7, 15, 14, 17, 5, 11, 8, 11, 4, 14, 7, 4]",26344
35,"[2, 5, 4, 3, 3, 3, 3, 3, 3, 5, 5, 4, 4, 4, 3, 3, 4, 3, 2, 3, 2, 4, 3, 4, 5, 3, 3, 4, 4, 4, 3, 2, 1, 4, 4, 3, 3, 3, 5, 2, 4, 3, 5, 4, 0, 4, 2, 2, 2, 4, 3, 3, 0, 3, 2, 1, 3, 3, 3, 4, 2, 3, 3, 3, 3, 4, 1, 3, 3, 4, 1, 4, 5, 1]","[-203, 161, 402, 207, 231, 206, -202, -234, 219, -1117, 120, -355, 308, 311, 174, 252, 300, 352, -33, 216, 99, 171, 121, 471, 158, 241, 137, 281, 294, -917, 11, -136, -37, 297, 316, 210, -350, 369, -2436, 271, 459, -919, 325, 170, -666, 192, 45, -360, 180, 261, -489, -409, -15, -85, -4, -185, 223, -209, -104, -496, 50, 188, -103, 351, 149, 196, -113, -173, -23, 291, 53, 165, -23, 192]","[233, 495, 437, 329, 354, 370, 288, 341, 383, 559, 501, 406, 411, 444, 325, 389, 412, 366, 225, 362, 240, 412, 307, 471, 478, 373, 394, 392, 475, 384, 364, 237, 142, 429, 457, 357, 342, 368, 548, 285, 467, 321, 514, 397, 83, 431, 246, 259, 236, 395, 343, 309, 84, 379, 267, 132, 340, 314, 300, 413, 272, 312, 367, 394, 383, 445, 119, 365, 303, 431, 137, 404, 494, 201]","[8, 17, 8, 7, 14, 7, 5, 10, 8, 14, 15, 6, 6, 13, 10, 6, 11, 16, 8, 3, 7, 17, 5, 13, 12, 10, 9, 12, 8, 10, 10, 3, 6, 10, 17, 8, 9, 11, 16, 6, 11, 12, 11, 11, 3, 13, 3, 5, 3, 10, 6, 9, 3, 9, 8, 2, 8, 6, 5, 9, 6, 5, 5, 5, 10, 9, 4, 7, 9, 12, 5, 5, 11, 1]",25942
36,"[2, 4, 4, 3, 3, 3, 2, 3, 3, 5, 5, 4, 4, 4, 3, 3, 4, 3, 2, 3, 2, 4, 3, 4, 4, 3, 3, 3, 4, 3, 3, 2, 1, 4, 4, 3, 3, 3, 5, 2, 4, 3, 5, 3, 0, 4, 2, 2, 2, 3, 3, 3, 0, 3, 2, 1, 3, 3, 3, 4, 2, 3, 3, 3, 3, 4, 1, 3, 3, 4, 1, 4, 4, 2]","[-201, 163, 408, 208, 215, 202, -204, -229, 209, -1114, 131, -352, 312, 301, 180, 244, 298, 362, -44, 218, 108, 177, 121, 462, 148, 250, 140, 288, 308, -925, 1, -146, -34, 305, 323, 213, -357, 363, -2439, 273, 464, -930, 332, 168, -663, 198, 44, -352, 166, 266, -488, -421, -14, -82, -8, -186, 225, -222, -112, -486, 42, 190, -113, 362, 155, 204, -108, -171, -24, 290, 64, 157, -21, 188]","[235, 496, 437, 330, 332, 362, 276, 340, 367, 553, 500, 404, 411, 429, 326, 377, 407, 369, 211, 352, 245, 409, 299, 453, 459, 374, 393, 389, 482, 364, 348, 228, 144, 432, 463, 354, 332, 358, 533, 285, 465, 300, 509, 392, 83, 427, 239, 266, 219, 391, 337, 287, 82, 373, 259, 128, 338, 300, 287, 412, 259, 315, 350, 399, 388, 445, 124, 362, 297, 421, 144, 392, 483, 195]","[2, 5, 10, 3, 9, 7, 12, 9, 9, 14, 17, 9, 8, 9, 8, 7, 7, 10, 5, 15, 6, 13, 11, 13, 13, 11, 7, 13, 11, 15, 9, 1, 2, 9, 5, 9, 6, 7, 17, 4, 11, 13, 17, 6, 3, 14, 8, 3, 5, 12, 10, 13, 3, 12, 6, 4, 7, 4, 8, 15, 7, 2, 10, 9, 4, 12, 1, 8, 8, 13, 5, 8, 17, 4]",25526
37,"[2, 4, 4, 3, 3, 3, 2, 3, 3, 5, 5, 4, 4, 4, 3, 3, 4, 3, 2, 3, 2, 4, 2, 4, 4, 3, 3, 3, 4, 3, 3, 2, 1, 4, 4, 3, 3, 3, 5, 2, 4, 3, 5, 3, 0, 4, 2, 2, 2, 3, 3, 2, 0, 3, 2, 1, 3, 3, 2, 4, 2, 3, 3, 3, 3, 4, 1, 3, 2, 4, 1, 3, 4, 1]","[-198, 178, 407, 208, 199, 193, -213, -226, 214, -1109, 127, -357, 311, 305, 170, 238, 300, 371, -43, 216, 111, 172, 133, 473, 150, 251, 133, 284, 317, -918, 11, -147, -24, 315, 325, 203, -360, 359, -2448, 278, 456, -942, 338, 172, -665, 194, 43, -350, 164, 272, -492, -426, -18, -70, -7, -183, 220, -225, -117, -512, 42, 189, -110, 366, 157, 215, -107, -170, -28, 291, 65, 162, -25, 192]","[231, 503, 429, 323, 311, 351, 264, 334, 368, 547, 491, 394, 408, 431, 309, 364, 403, 376, 209, 348, 246, 401, 307, 458, 453, 369, 379, 377, 483, 367, 352, 225, 151, 434, 460, 341, 326, 349, 512, 284, 448, 282, 504, 390, 79, 411, 234, 260, 215, 393, 326, 276, 77, 376, 261, 129, 328, 293, 275, 380, 257, 306, 347, 398, 380, 445, 121, 358, 289, 416, 143, 393, 477, 190]","[9, 12, 11, 10, 8, 5, 5, 12, 7, 16, 10, 9, 6, 6, 10, 10, 10, 5, 5, 5, 4, 7, 6, 10, 12, 9, 10, 11, 12, 7, 9, 4, 4, 12, 9, 6, 6, 8, 17, 8, 13, 9, 16, 9, 2, 16, 6, 10, 4, 7, 10, 8, 1, 12, 1, 3, 8, 7, 9, 10, 4, 11, 9, 8, 13, 15, 5, 8, 6, 10, 3, 7, 6, 10]",25125
38,"[2, 5, 4, 3, 3, 3, 2, 3, 3, 5, 4, 3, 4, 4, 3, 3, 4, 3, 2, 3, 2, 4, 3, 4, 4, 3, 3, 3, 4, 3, 3, 2, 1, 4, 4, 3, 3, 3, 5, 2, 4, 2, 5, 3, 0, 4, 2, 2, 2, 3, 3, 2, 0, 3, 2, 1, 3, 2, 2, 3, 2, 3, 3, 3, 3, 4, 1, 3, 2, 4, 1, 3, 4, 1]","[-207, 157, 404, 218, 208, 187, -204, -234, 207, -1105, 129, -357, 317, 311, 150, 232, 295, 366, -44, 228, 110, 182, 144, 482, 150, 253, 141, 294, 318, -925, 6, -157, -21, 316, 330, 205, -359, 360, -2459, 280, 463, -941, 354, 173, -669, 190, 47, -352, 158, 278, -490, -439, -16, -75, -3, -176, 218, -233, -106, -503, 51, 179, -108, 370, 161, 211, -110, -196, -26, 285, 65, 154, -15, 193]","[218, 478, 417, 328, 314, 340, 268, 321, 354, 544, 486, 390, 413, 431, 287, 353, 389, 369, 201, 359, 239, 406, 310, 456, 449, 368, 380, 380, 483, 356, 342, 214, 151, 426, 455, 334, 325, 346, 487, 283, 443, 278, 517, 388, 73, 400, 234, 253, 207, 395, 324, 254, 78, 361, 259, 135, 319, 283, 279, 382, 258, 291, 347, 399, 378, 431, 115, 327, 288, 407, 141, 373, 481, 186]","[6, 9, 13, 8, 9, 8, 7, 8, 10, 12, 11, 7, 5, 10, 5, 8, 13, 5, 9, 4, 8, 9, 11, 15, 8, 6, 10, 10, 5, 7, 8, 3, 4, 13, 14, 12, 5, 7, 19, 5, 16, 7, 8, 6, 2, 11, 6, 7, 4, 7, 7, 11, 1, 13, 8, 2, 10, 4, 9, 10, 10, 8, 5, 6, 9, 14, 4, 8, 5, 7, 3, 15, 10, 6]",24734
39,"[2, 4, 4, 3, 3, 3, 2, 3, 3, 5, 4, 3, 4, 4, 2, 3, 3, 3, 2, 3, 2, 4, 3, 4, 4, 3, 3, 3, 4, 3, 3, 2, 1, 4, 4, 3, 3, 3, 4, 2, 4, 2, 5, 3, 0, 4, 2, 2, 2, 3, 3, 2, 0, 3, 2, 1, 3, 2, 2, 3, 2, 2, 3, 3, 3, 4, 1, 3, 2, 4, 1, 3, 4, 1]","[-211, 159, 408, 215, 219, 184, -204, -236, 211, -1117, 131, -369, 328, 304, 152, 239, 289, 376, -52, 213, 102, 182, 142, 490, 152, 258, 143, 302, 321, -917, 7, -164, -16, 305, 338, 206, -360, 362, -2461, 276, 475, -942, 338, 172, -671, 177, 51, -343, 153, 275, -482, -431, -16, -78, 1, -184, 212, -238, -113, -507, 52, 187, -109, 384, 153, 199, -109, -184, -18, 290, 63, 158, -15, 193]","[211, 475, 417, 319, 317, 334, 264, 314, 356, 518, 481, 369, 408, 414, 276, 355, 379, 365, 191, 340, 227, 400, 300, 459, 442, 366, 371, 386, 478, 354, 343, 207, 155, 412, 454, 329, 321, 341, 478, 279, 442, 269, 496, 382, 69, 382, 235, 256, 198, 381, 328, 259, 73, 346, 260, 123, 308, 273, 268, 370, 257, 295, 340, 408, 363, 416, 112, 332, 290, 407, 139, 370, 477, 182]","[5, 9, 8, 9, 11, 6, 6, 8, 5, 19, 11, 12, 20, 14, 15, 8, 7, 17, 4, 7, 6, 10, 11, 9, 13, 10, 14, 5, 12, 13, 3, 2, 2, 7, 13, 9, 6, 10, 11, 2, 17, 10, 10, 8, 2, 9, 5, 8, 6, 14, 7, 5, 5, 15, 5, 5, 8, 7, 6, 11, 4, 6, 9, 8, 10, 7, 5, 10, 8, 9, 1, 10, 8, 5]",24311
40,"[2, 4, 4, 3, 3, 3, 2, 3, 3, 5, 4, 3, 4, 4, 2, 3, 3, 3, 1, 3, 2, 4, 3, 4, 4, 3, 3, 3, 4, 3, 3, 2, 1, 4, 4, 3, 3, 3, 4, 2, 4, 2, 4, 3, 0, 3, 2, 2, 1, 3, 3, 2, 0, 3, 2, 1, 3, 2, 2, 3, 2, 2, 3, 4, 3, 4, 1, 3, 2, 4, 1, 3, 4, 1]","[-198, 155, 426, 212, 221, 189, -197, -241, 209, -1134, 127, -375, 306, 313, 155, 242, 289, 372, -50, 219, 98, 178, 151, 492, 135, 247, 145, 306, 325, -926, 4, -165, -13, 297, 343, 213, -372, 374, -2468, 284, 493, -941, 355, 169, -674, 183, 51, -341, 161, 285, -498, -432, -11, -73, -4, -182, 212, -245, -115, -510, 49, 195, -108, 387, 138, 204, -109, -187, -16, 284, 63, 152, -19, 196]","[222, 467, 431, 307, 315, 335, 267, 305, 347, 492, 466, 358, 377, 423, 272, 352, 369, 357, 189, 341, 220, 385, 309, 456, 419, 351, 367, 382, 474, 336, 335, 206, 156, 398, 452, 328, 307, 350, 466, 287, 449, 265, 507, 369, 65, 381, 233, 254, 205, 383, 304, 252, 75, 344, 240, 125, 303, 262, 262, 351, 253, 293, 337, 407, 339, 413, 109, 321, 286, 398, 134, 359, 468, 183]","[4, 8, 8, 12, 7, 7, 6, 7, 10, 14, 15, 8, 13, 4, 9, 9, 13, 7, 5, 8, 5, 15, 3, 9, 10, 7, 9, 11, 12, 12, 8, 2, 3, 10, 11, 11, 5, 6, 9, 2, 15, 7, 10, 13, 1, 10, 4, 6, 2, 11, 11, 8, 3, 10, 17, 1, 8, 6, 6, 19, 3, 12, 7, 8, 12, 12, 4, 11, 8, 7, 6, 8, 9, 3]",23905
41,"[2, 4, 4, 3, 3, 3, 2, 3, 3, 4, 4, 3, 3, 4, 2, 3, 3, 3, 1, 3, 2, 3, 3, 4, 4, 3, 3, 3, 4, 3, 3, 2, 1, 3, 4, 3, 3, 3, 4, 2, 4, 2, 5, 3, 0, 3, 2, 2, 2, 3, 3, 2, 0, 3, 2, 1, 3, 2, 2, 3, 2, 2, 3, 4, 3, 4, 1, 3, 2, 3, 1, 3, 4, 1]","[-198, 157, 423, 204, 224, 190, -198, -248, 233, -1131, 124, -373, 314, 313, 164, 247, 291, 371, -50, 211, 96, 176, 157, 488, 129, 249, 154, 303, 315, -928, 17, -180, -8, 289, 336, 211, -381, 381, -2473, 292, 515, -940, 344, 175, -678, 185, 58, -348, 166, 286, -502, -425, -7, -60, -1, -182, 212, -248, -113, -520, 39, 186, -110, 383, 139, 197, -113, -189, -11, 287, 64, 151, -21, 190]","[219, 462, 421, 296, 314, 331, 258, 294, 366, 480, 463, 352, 383, 412, 275, 351, 362, 352, 186, 326, 207, 380, 310, 449, 406, 346, 372, 369, 458, 329, 341, 183, 153, 382, 435, 322, 293, 349, 444, 293, 465, 260, 487, 370, 56, 381, 236, 245, 207, 380, 290, 258, 77, 350, 240, 123, 300, 259, 259, 333, 239, 282, 325, 400, 339, 400, 103, 318, 280, 393, 135, 353, 461, 175]","[5, 11, 11, 6, 7, 8, 10, 7, 8, 19, 4, 11, 5, 15, 8, 9, 12, 7, 4, 10, 13, 6, 8, 7, 11, 10, 7, 13, 10, 8, 10, 10, 9, 11, 14, 7, 8, 11, 21, 4, 10, 8, 14, 8, 5, 5, 6, 4, 5, 7, 13, 3, 2, 10, 5, 3, 6, 2, 7, 11, 6, 4, 13, 7, 4, 10, 3, 4, 13, 11, 1, 8, 9, 3]",23503
42,"[2, 4, 4, 2, 3, 3, 2, 2, 3, 4, 4, 3, 3, 4, 2, 3, 3, 3, 1, 3, 2, 3, 3, 4, 4, 3, 3, 3, 4, 3, 3, 1, 1, 3, 4, 3, 2, 3, 4, 2, 4, 2, 4, 3, 0, 3, 2, 2, 2, 3, 2, 2, 0, 3, 2, 1, 3, 2, 2, 3, 2, 2, 3, 4, 3, 4, 1, 3, 2, 3, 1, 3, 4, 1]","[-201, 173, 431, 201, 218, 192, -203, -251, 223, -1126, 110, -376, 325, 319, 172, 244, 292, 369, -57, 198, 96, 173, 145, 500, 132, 233, 168, 304, 324, -928, 21, -185, -3, 286, 337, 212, -381, 382, -2482, 286, 516, -944, 344, 170, -677, 194, 53, -352, 169, 298, -491, -418, -7, -60, 3, -180, 210, -248, -116, -517, 45, 179, -112, 384, 137, 194, -114, -202, -1, 297, 64, 156, -30, 183]","[214, 470, 428, 288, 300, 329, 243, 290, 345, 476, 439, 345, 388, 411, 282, 343, 349, 347, 178, 304, 205, 373, 289, 456, 400, 324, 377, 360, 456, 323, 340, 171, 155, 372, 432, 311, 290, 343, 431, 285, 461, 250, 478, 356, 54, 382, 225, 231, 207, 384, 294, 263, 76, 349, 241, 122, 296, 254, 248, 330, 238, 270, 324, 395, 339, 393, 100, 304, 283, 391, 132, 349, 445, 164]","[4, 12, 5, 7, 11, 7, 12, 3, 14, 13, 14, 7, 9, 11, 3, 8, 17, 6, 2, 12, 4, 7, 12, 9, 13, 9, 12, 13, 15, 9, 8, 8, 4, 10, 8, 15, 5, 10, 8, 4, 9, 8, 13, 12, 3, 11, 8, 12, 5, 11, 9, 4, 1, 4, 5, 4, 5, 7, 10, 9, 9, 7, 2, 10, 1, 8, 3, 4, 9, 15, 4, 12, 11, 5]",23090
43,"[2, 4, 4, 2, 3, 3, 2, 2, 3, 4, 4, 3, 3, 4, 2, 3, 3, 3, 1, 3, 2, 3, 2, 4, 4, 3, 3, 3, 4, 3, 3, 1, 1, 3, 4, 3, 2, 3, 4, 2, 4, 2, 4, 3, 0, 3, 2, 2, 2, 3, 2, 2, 0, 3, 2, 1, 2, 2, 2, 3, 2, 2, 3, 3, 3, 3, 1, 3, 2, 3, 1, 3, 4, 1]","[-197, 162, 424, 204, 225, 190, -197, -239, 217, -1142, 125, -378, 332, 329, 167, 235, 293, 374, -51, 199, 105, 185, 140, 490, 142, 231, 162, 308, 327, -925, 25, -181, -6, 287, 334, 207, -387, 388, -2478, 293, 526, -950, 327, 154, -675, 211, 55, -341, 165, 300, -507, -419, -6, -65, -6, -182, 206, -253, -110, -512, 41, 187, -115, 385, 137, 201, -115, -216, -15, 284, 64, 168, -30, 187]","[211, 450, 413, 287, 300, 310, 244, 296, 335, 453, 438, 343, 382, 418, 273, 329, 346, 342, 179, 296, 212, 380, 282, 441, 399, 315, 365, 359, 458, 317, 340, 171, 145, 363, 427, 302, 281, 343, 423, 286, 465, 239, 453, 337, 54, 392, 225, 237, 196, 381, 271, 251, 76, 339, 225, 114, 288, 241, 248, 329, 221, 275, 316, 389, 333, 398, 98, 287, 269, 376, 132, 354, 440, 163]","[9, 13, 12, 6, 10, 20, 7, 8, 7, 11, 20, 3, 16, 7, 6, 8, 7, 13, 6, 12, 4, 8, 4, 9, 15, 10, 9, 8, 5, 12, 7, 5, 8, 13, 6, 7, 5, 9, 16, 8, 10, 7, 12, 6, 2, 10, 4, 7, 9, 8, 9, 13, 1, 8, 9, 7, 6, 10, 8, 9, 15, 5, 8, 10, 9, 5, 2, 6, 2, 5, 1, 10, 9, 6]",22666
44,"[2, 4, 4, 2, 3, 3, 2, 2, 3, 4, 4, 3, 3, 4, 2, 3, 3, 3, 1, 2, 2, 3, 2, 4, 3, 3, 3, 3, 4, 3, 3, 1, 1, 3, 4, 3, 2, 3, 4, 2, 4, 2, 4, 3, 0, 3, 2, 2, 1, 3, 2, 2, 0, 3, 2, 1, 2, 2, 2, 3, 2, 2, 3, 3, 3, 3, 0, 2, 2, 3, 1, 3, 4, 1]","[-196, 156, 440, 193, 238, 191, -194, -238, 219, -1160, 140, -380, 334, 324, 167, 246, 311, 371, -56, 203, 120, 189, 137, 478, 159, 229, 159, 303, 339, -919, 26, -178, 0, 302, 339, 196, -391, 382, -2503, 300, 533, -943, 327, 148, -670, 204, 59, -346, 164, 300, -514, -430, -8, -58, -15, -184, 199, -262, -113, -504, 41, 191, -117, 375, 131, 193, -114, -217, -13, 279, 57, 165, -27, 193]","[211, 438, 421, 274, 304, 303, 239, 292, 329, 426, 442, 338, 380, 412, 264, 335, 354, 336, 167, 289, 221, 381, 277, 421, 414, 303, 357, 353, 462, 314, 336, 168, 150, 372, 423, 289, 271, 331, 393, 287, 463, 241, 443, 327, 57, 375, 229, 227, 192, 368, 253, 234, 72, 344, 215, 113, 271, 228, 242, 334, 215, 273, 306, 372, 322, 379, 97, 281, 266, 358, 126, 347, 434, 166]","[3, 10, 12, 4, 12, 11, 10, 7, 11, 13, 15, 6, 7, 5, 11, 8, 13, 6, 8, 13, 8, 6, 4, 12, 5, 13, 8, 4, 12, 12, 8, 7, 2, 9, 13, 5, 8, 9, 9, 8, 13, 7, 14, 7, 2, 13, 2, 7, 4, 16, 13, 8, 2, 5, 3, 0, 12, 6, 5, 6, 8, 8, 11, 10, 8, 14, 2, 7, 7, 16, 0, 7, 13, 4]",22247
45,"[2, 4, 4, 2, 3, 3, 2, 2, 3, 4, 4, 3, 3, 4, 2, 3, 3, 3, 1, 2, 2, 3, 2, 4, 4, 3, 3, 3, 4, 3, 3, 1, 1, 3, 4, 2, 2, 3, 3, 2, 4, 2, 4, 3, 0, 3, 2, 2, 1, 3, 2, 2, 0, 3, 2, 1, 2, 2, 2, 3, 2, 2, 3, 3, 3, 3, 0, 2, 2, 3, 1, 3, 4, 1]","[-191, 173, 426, 192, 247, 185, -188, -236, 213, -1156, 144, -388, 335, 331, 164, 247, 302, 371, -51, 207, 115, 197, 146, 495, 161, 225, 148, 300, 341, -924, 30, -180, -1, 312, 344, 199, -392, 386, -2523, 309, 526, -949, 328, 150, -672, 196, 49, -355, 167, 294, -508, -431, -6, -60, -11, -178, 195, -251, -133, -512, 36, 197, -112, 382, 127, 186, -113, -211, -25, 286, 58, 162, -22, 195]","[208, 450, 398, 269, 311, 292, 241, 289, 323, 416, 444, 322, 373, 412, 257, 335, 343, 330, 163, 286, 214, 386, 283, 434, 410, 292, 342, 340, 450, 306, 334, 161, 145, 378, 423, 286, 263, 329, 357, 291, 450, 233, 438, 325, 54, 354, 215, 215, 190, 357, 256, 230, 70, 337, 217, 116, 262, 232, 219, 311, 208, 277, 309, 376, 315, 362, 94, 282, 248, 354, 124, 337, 426, 162]","[10, 9, 13, 6, 5, 8, 6, 7, 3, 18, 6, 11, 11, 11, 6, 4, 5, 9, 10, 9, 4, 6, 5, 8, 10, 10, 7, 13, 18, 6, 9, 6, 5, 7, 9, 8, 9, 9, 19, 7, 10, 4, 10, 7, 1, 16, 6, 5, 6, 8, 5, 5, 4, 8, 4, 4, 7, 9, 5, 18, 4, 4, 5, 6, 6, 13, 4, 7, 8, 14, 4, 10, 17, 7]",21841
46,"[2, 4, 3, 2, 3, 2, 2, 2, 3, 4, 4, 3, 3, 4, 2, 3, 3, 3, 1, 2, 2, 3, 2, 4, 4, 2, 3, 3, 4, 3, 3, 1, 1, 3, 4, 2, 2, 3, 3, 2, 4, 2, 4, 3, 0, 3, 2, 2, 1, 3, 2, 2, 0, 3, 2, 1, 2, 2, 2, 3, 2, 2, 3, 3, 3, 3, 0, 2, 2, 3, 1, 3, 4, 1]","[-195, 180, 421, 190, 244, 184, -185, -237, 213, -1158, 153, -392, 350, 335, 175, 242, 302, 376, -47, 208, 108, 203, 150, 492, 154, 222, 162, 286, 332, -926, 21, -174, -9, 310, 333, 203, -388, 382, -2525, 310, 531, -956, 330, 155, -677, 196, 53, -354, 168, 294, -519, -436, -6, -55, -11, -174, 195, -251, -134, -518, 26, 206, -114, 381, 128, 183, -116, -212, -24, 290, 61, 176, -25, 204]","[202, 444, 387, 258, 304, 285, 237, 289, 320, 401, 446, 316, 378, 407, 262, 329, 338, 325, 163, 282, 205, 382, 284, 425, 394, 288, 351, 325, 433, 298, 317, 163, 135, 364, 407, 288, 259, 320, 344, 287, 449, 223, 431, 322, 49, 343, 211, 211, 184, 349, 241, 220, 69, 334, 215, 117, 260, 228, 214, 296, 195, 279, 304, 371, 310, 352, 90, 272, 244, 351, 126, 347, 423, 165]","[4, 17, 9, 11, 7, 8, 9, 1, 6, 17, 11, 5, 13, 13, 8, 4, 8, 13, 5, 7, 4, 13, 5, 10, 13, 3, 8, 4, 12, 9, 11, 5, 3, 15, 9, 4, 10, 8, 14, 7, 10, 5, 13, 11, 0, 14, 10, 7, 8, 11, 6, 7, 1, 11, 4, 4, 4, 6, 6, 12, 5, 9, 6, 7, 9, 10, 1, 11, 7, 10, 2, 7, 4, 7]",21437
47,"[2, 4, 3, 2, 3, 2, 2, 2, 3, 4, 4, 3, 3, 4, 2, 3, 3, 3, 1, 2, 2, 3, 2, 4, 3, 2, 3, 3, 4, 2, 3, 1, 1, 3, 4, 2, 2, 3, 3, 2, 4, 2, 4, 3, 0, 3, 2, 2, 1, 3, 2, 2, 0, 3, 2, 1, 2, 2, 2, 2, 1, 2, 3, 3, 3, 3, 0, 2, 2, 3, 1, 3, 4, 1]","[-192, 171, 416, 181, 241, 176, -202, -236, 223, -1167, 156, -400, 367, 339, 175, 258, 297, 381, -45, 219, 108, 202, 152, 501, 160, 234, 166, 289, 329, -929, 15, -172, -11, 303, 344, 195, -384, 387, -2521, 306, 525, -968, 334, 152, -677, 191, 41, -361, 176, 305, -529, -442, -2, -59, -6, -177, 201, -253, -120, -521, 25, 212, -122, 381, 135, 188, -118, -206, -26, 282, 60, 162, -27, 212]","[205, 427, 375, 248, 298, 271, 219, 287, 322, 385, 441, 301, 385, 398, 253, 341, 321, 321, 162, 285, 199, 374, 279, 426, 396, 289, 350, 321, 417, 288, 303, 155, 134, 350, 412, 277, 257, 319, 339, 277, 435, 207, 429, 317, 48, 334, 201, 197, 186, 356, 226, 205, 70, 329, 217, 108, 257, 220, 224, 282, 187, 277, 292, 365, 312, 351, 84, 275, 235, 340, 120, 326, 415, 168]","[2, 12, 10, 3, 6, 8, 3, 5, 11, 11, 12, 10, 13, 17, 11, 7, 15, 12, 4, 10, 8, 10, 9, 12, 7, 13, 8, 10, 17, 9, 11, 11, 0, 10, 10, 5, 8, 9, 12, 8, 12, 6, 10, 5, 1, 7, 0, 9, 7, 7, 7, 11, 3, 4, 5, 7, 11, 8, 6, 13, 8, 10, 7, 9, 8, 9, 4, 5, 9, 6, 6, 10, 10, 6]",21002
