c1,c2,dis,nm
9,36,1700,-78
38,45,1729,-73
38,64,1604,-72
29,36,1858,-66
38,71,2226,-63
38,72,1958,-63
38,46,806,-60
38,63,1181,-58
38,69,1261,-58
38,43,2111,-57
38,56,1518,-55
9,21,469,-53
38,62,279,-50
38,49,1180,-49
38,40,1936,-48
38,59,123,-47
38,53,2382,-46
38,42,1799,-42
38,60,333,-42
29,33,635,-41
53,56,976,-41
38,51,2197,-40
29,51,850,-39
29,63,553,-39
36,73,1822,-38
26,36,2148,-37
9,20,1230,-35
9,12,117,-34
9,45,80,-34
29,65,669,-34
29,71,1053,-34
9,24,282,-33
9,40,215,-33
29,30,1052,-33
34,36,1920,-33
38,65,1566,-33
9,33,395,-32
29,42,862,-32
17,36,2316,-30
38,50,50,-30
29,45,997,-29
29,49,410,-29
41,48,965,-29
15,36,2299,-28
29,40,1044,-28
41,57,203,-28
41,58,606,-28
42,56,506,-28
11,40,944,-27
21,39,1398,-27
59,65,1517,-27
9,28,251,-26
9,69,588,-26
29,37,758,-26
41,54,95,-26
43,72,504,-26
59,64,1538,-26
9,43,592,-25
9,46,1734,-25
9,51,988,-25
21,54,1943,-25
29,46,1817,-25
29,56,1055,-25
31,36,2508,-25
36,46,137,-25
9,27,587,-24
11,38,1238,-24
11,46,1622,-24
11,49,195,-24
20,39,286,-24
29,34,800,-24
29,64,488,-24
36,39,1413,-24
36,56,1374,-24
36,72,1899,-24
42,46,1869,-24
50,56,1523,-24
59,63,1131,-24
7,43,1909,-23
9,23,317,-23
11,28,814,-23
29,59,1275,-23
36,45,1662,-23
44,72,1163,-23
51,64,679,-23
59,72,1924,-23
1,2,269,-22
7,58,380,-22
9,48,1122,-22
9,57,1628,-22
9,63,586,-22
9,73,1170,-22
11,17,1043,-22
24,61,2045,-22
41,53,2104,-22
41,73,872,-22
6,39,346,-21
6,67,241,-21
9,32,717,-21
9,37,465,-21
9,49,674,-21
13,17,441,-21
13,21,625,-21
14,71,1453,-21
15,42,491,-21
19,36,1053,-21
36,69,1535,-21
41,56,1309,-21
41,69,957,-21
48,49,541,-21
51,56,1308,-21
1,63,955,-20
6,40,1183,-20
7,8,1067,-20
7,39,768,-20
9,22,707,-20
9,26,585,-20
9,56,344,-20
9,58,1773,-20
11,25,1324,-20
12,22,794,-20
34,42,113,-20
41,49,872,-20
41,68,887,-20
1,33,769,-19
6,58,1442,-19
7,35,217,-19
8,69,206,-19
9,16,432,-19
9,54,1478,-19
9,64,473,-19
9,72,234,-19
11,65,538,-19
13,43,339,-19
18,27,412,-19
29,69,434,-19
29,72,1091,-19
30,48,1216,-19
38,52,1677,-19
38,70,2358,-19
40,46,1941,-19
43,56,934,-19
44,56,1512,-19
57,63,1073,-19
59,69,1200,-19
72,73,1349,-19
0,26,2102,-18
1,28,257,-18
1,48,1335,-18
3,42,965,-18
7,69,1062,-18
8,29,240,-18
9,15,603,-18
9,35,1719,-18
9,65,261,-18
11,29,217,-18
15,21,281,-18
21,48,1483,-18
25,43,2158,-18
29,53,1340,-18
30,73,1235,-18
41,61,585,-18
41,67,880,-18
43,53,452,-18
44,48,1063,-18
1,20,1577,-17
6,8,283,-17
6,49,426,-17
9,39,951,-17
11,14,660,-17
11,42,764,-17
17,34,402,-17
24,48,1189,-17
31,40,949,-17
31,56,1322,-17
41,42,1521,-17
41,43,1805,-17
47,56,1009,-17
0,56,1568,-16
1,73,1407,-16
6,43,1106,-16
8,42,735,-16
9,34,277,-16
10,15,300,-16
10,48,1308,-16
11,43,928,-16
11,59,1157,-16
15,46,2336,-16
15,53,125,-16
24,65,408,-16
26,53,670,-16
29,60,1638,-16
36,48,1886,-16
41,60,635,-16
41,71,1923,-16
42,45,241,-16
44,53,1043,-16
47,69,1229,-16
48,61,1537,-16
0,21,2280,-15
0,63,1332,-15
3,16,444,-15
4,45,642,-15
6,12,1067,-15
6,61,1428,-15
6,64,641,-15
7,49,985,-15
7,51,2022,-15
8,43,909,-15
10,73,1375,-15
11,36,1655,-15
13,27,390,-15
16,43,929,-15
19,21,1371,-15
19,23,1084,-15
20,25,838,-15
21,73,1550,-15
24,73,1257,-15
28,36,1938,-15
29,62,1591,-15
31,64,672,-15
34,72,309,-15
38,55,2135,-15
41,63,895,-15
47,53,83,-15
49,65,438,-15
57,67,1082,-15
0,12,1739,-14
1,35,2125,-14
1,61,2198,-14
1,72,212,-14
2,48,1167,-14
6,11,251,-14
6,25,1319,-14
7,34,1614,-14
7,67,1035,-14
7,68,1073,-14
8,59,1166,-14
9,25,1727,-14
10,54,1778,-14
11,13,615,-14
11,37,553,-14
11,61,1421,-14
13,23,181,-14
14,15,1484,-14
19,46,1024,-14
20,35,759,-14
20,49,571,-14
24,54,1689,-14
27,28,337,-14
29,31,803,-14
29,43,925,-14
30,45,307,-14
30,54,1326,-14
30,61,1511,-14
31,37,1206,-14
35,49,1198,-14
49,50,1162,-14
0,2,1967,-13
0,19,944,-13
0,33,1490,-13
1,25,2139,-13
1,39,1290,-13
7,11,1064,-13
7,64,1407,-13
9,10,320,-13
10,14,1220,-13
11,45,854,-13
12,48,1155,-13
12,64,544,-13
15,17,223,-13
18,32,837,-13
19,34,1018,-13
28,73,1160,-13
29,55,778,-13
38,47,2440,-13
44,49,1212,-13
44,73,1167,-13
47,63,1272,-13
49,53,1251,-13
50,64,1586,-13
53,54,2103,-13
56,57,1442,-13
58,69,1400,-13
59,60,456,-13
0,50,357,-12
0,61,39,-12
3,17,1407,-12
4,40,402,-12
4,46,2343,-12
5,40,1322,-12
6,65,784,-12
7,26,1730,-12
8,37,524,-12
8,62,1441,-12
9,30,358,-12
9,31,1010,-12
10,69,851,-12
11,16,590,-12
11,18,903,-12
11,19,602,-12
11,34,728,-12
13,40,412,-12
13,71,455,-12
15,45,637,-12
18,40,788,-12
19,27,1366,-12
20,22,1876,-12
20,29,656,-12
25,56,1491,-12
25,64,1660,-12
29,32,1413,-12
30,65,466,-12
33,71,889,-12
33,73,828,-12
34,40,259,-12
35,37,1253,-12
40,49,851,-12
41,64,1293,-12
44,57,2188,-12
44,69,1163,-12
44,71,712,-12
45,63,620,-12
45,73,1231,-12
47,72,493,-12
50,62,328,-12
50,65,1555,-12
50,68,1191,-12
53,73,1618,-12
55,63,1086,-12
58,59,454,-12
67,69,244,-12
0,27,2311,-11
1,62,2235,-11
2,12,261,-11
2,61,1928,-11
2,70,569,-11
3,27,1358,-11
3,53,1543,-11
3,65,747,-11
6,51,1037,-11
6,59,1103,-11
7,19,602,-11
7,33,1145,-11
7,61,364,-11
7,65,1354,-11
8,36,1644,-11
8,49,170,-11
9,18,866,-11
9,42,167,-11
10,28,216,-11
10,37,783,-11
11,22,1359,-11
11,26,714,-11
12,54,1434,-11
13,56,695,-11
14,42,993,-11
16,19,473,-11
16,27,952,-11
16,48,941,-11
18,19,1420,-11
19,56,725,-11
21,35,2186,-11
25,36,750,-11
25,53,2397,-11
30,37,333,-11
31,51,70,-11
32,36,2375,-11
33,40,591,-11
35,39,969,-11
36,54,1186,-11
39,58,1137,-11
41,47,2168,-11
41,65,1281,-11
41,72,1699,-11
44,58,2523,-11
44,65,1068,-11
46,48,1831,-11
47,49,1320,-11
51,63,1122,-11
51,70,646,-11
53,70,229,-11
57,60,454,-11
57,68,1091,-11
58,71,2338,-11
59,62,402,-11
63,69,135,-11
0,4,2426,-10
0,34,1962,-10
0,36,680,-10
0,40,2037,-10
0,46,546,-10
0,65,1701,-10
1,68,1219,-10
1,69,914,-10
2,37,606,-10
3,37,411,-10
5,16,714,-10
5,34,1181,-10
5,37,672,-10
6,16,829,-10
6,29,189,-10
7,25,260,-10
7,53,2166,-10
8,23,757,-10
9,14,902,-10
9,66,858,-10
10,39,1226,-10
10,63,879,-10
11,27,994,-10
11,30,863,-10
11,31,924,-10
11,69,236,-10
12,17,742,-10
13,42,252,-10
14,72,1136,-10
15,22,196,-10
17,46,2340,-10
18,20,1454,-10
20,58,968,-10
21,30,750,-10
22,54,2154,-10
24,25,1984,-10
24,27,321,-10
24,68,1065,-10
25,51,2282,-10
25,59,305,-10
26,73,975,-10
28,54,1600,-10
30,64,704,-10
33,45,433,-10
37,73,912,-10
38,66,2582,-10
41,62,583,-10
42,69,590,-10
43,45,658,-10
43,73,1204,-10
44,45,1273,-10
44,64,864,-10
44,70,815,-10
47,54,2169,-10
47,73,1697,-10
50,70,2345,-10
51,65,871,-10
51,69,997,-10
51,73,1094,-10
54,59,295,-10
54,61,670,-10
57,58,441,-10
58,64,1744,-10
60,65,1729,-10
62,63,1326,-10
62,71,2372,-10
0,10,2141,-9
1,10,109,-9
1,12,518,-9
3,34,1007,-9
3,48,908,-9
4,21,262,-9
5,17,1558,-9
5,46,1098,-9
6,22,1572,-9
7,38,223,-9
7,59,240,-9
8,19,590,-9
8,71,1034,-9
9,13,396,-9
9,67,813,-9
9,68,969,-9
10,16,751,-9
10,43,429,-9
10,61,2102,-9
11,51,960,-9
11,66,1547,-9
12,35,1648,-9
13,34,152,-9
14,16,469,-9
14,19,67,-9
14,22,1608,-9
14,53,1570,-9
16,28,629,-9
16,42,535,-9
16,56,300,-9
18,21,874,-9
18,23,556,-9
19,22,1605,-9
19,40,1115,-9
20,68,510,-9
21,24,294,-9
21,56,732,-9
22,36,2365,-9
22,56,995,-9
22,73,1683,-9
23,48,1043,-9
23,73,1115,-9
25,69,1315,-9
26,48,886,-9
27,30,945,-9
28,39,1033,-9
28,61,1973,-9
30,67,869,-9
31,65,876,-9
32,42,640,-9
33,42,441,-9
33,43,788,-9
37,40,679,-9
37,42,559,-9
40,56,529,-9
47,71,430,-9
48,53,1538,-9
49,55,1009,-9
49,64,423,-9
50,52,1649,-9
50,58,384,-9
50,60,383,-9
50,69,1245,-9
50,73,1166,-9
51,52,524,-9
51,71,525,-9
54,58,693,-9
57,61,413,-9
59,70,2303,-9
60,73,1503,-9
61,71,2341,-9
62,64,1770,-9
68,69,414,-9
0,25,137,-8
0,42,1920,-8
1,54,1852,-8
3,14,29,-8
5,43,1455,-8
5,53,1751,-8
5,64,946,-8
5,69,606,-8
6,18,1010,-8
6,68,75,-8
6,69,485,-8
7,40,1717,-8
8,65,508,-8
9,61,1782,-8
9,70,719,-8
11,52,446,-8
11,60,1483,-8
11,63,341,-8
13,30,704,-8
13,35,1785,-8
14,18,1459,-8
14,23,1101,-8
15,34,470,-8
17,19,1416,-8
17,48,1238,-8
18,30,1199,-8
20,59,618,-8
20,61,950,-8
20,67,527,-8
21,23,444,-8
21,25,2191,-8
22,28,555,-8
24,33,608,-8
25,26,1984,-8
25,49,1241,-8
25,62,117,-8
27,36,2272,-8
28,57,1779,-8
29,66,1600,-8
31,60,2407,-8
31,66,1178,-8
31,71,583,-8
32,43,528,-8
32,63,1266,-8
34,39,956,-8
35,58,258,-8
35,61,227,-8
36,68,1739,-8
41,59,246,-8
41,70,2062,-8
42,70,585,-8
44,67,1121,-8
48,68,180,-8
50,71,2211,-8
52,69,546,-8
54,67,846,-8
55,56,1311,-8
57,65,1459,-8
60,71,2406,-8
62,68,1448,-8
65,71,678,-8
65,72,452,-8
70,73,1490,-8
71,73,1332,-8
0,3,955,-7
0,16,1390,-7
0,53,2493,-7
0,64,1778,-7
1,18,707,-7
2,40,81,-7
3,13,985,-7
3,21,1344,-7
4,6,1418,-7
4,73,1526,-7
6,17,1226,-7
6,21,1431,-7
6,34,952,-7
7,15,2075,-7
7,17,2005,-7
7,22,2207,-7
9,11,796,-7
11,21,1199,-7
11,53,1299,-7
11,56,869,-7
14,52,1079,-7
14,56,701,-7
15,43,328,-7
15,56,926,-7
16,34,597,-7
16,72,666,-7
17,21,465,-7
18,54,1778,-7
23,30,669,-7
24,45,331,-7
25,37,1264,-7
27,37,969,-7
27,72,468,-7
29,50,1337,-7
29,70,1211,-7
30,57,1425,-7
30,68,1040,-7
31,52,482,-7
39,49,284,-7
45,54,1500,-7
46,65,1695,-7
46,73,1762,-7
47,62,2544,-7
48,58,1553,-7
49,56,692,-7
49,63,146,-7
50,61,352,-7
54,60,717,-7
55,64,655,-7
55,66,1190,-7
56,73,1241,-7
57,62,400,-7
57,69,1146,-7
61,63,1296,-7
69,73,611,-7
0,5,865,-6
0,7,392,-6
0,17,2360,-6
0,31,2376,-6
0,48,1561,-6
0,71,2377,-6
2,15,452,-6
2,28,135,-6
3,19,57,-6
4,5,1672,-6
4,48,1446,-6
5,18,1484,-6
5,35,681,-6
5,73,663,-6
6,23,1000,-6
7,31,1988,-6
9,17,626,-6
10,21,176,-6
10,56,627,-6
10,68,1181,-6
12,28,369,-6
13,64,187,-6
13,73,936,-6
14,36,997,-6
14,63,425,-6
15,27,247,-6
15,70,157,-6
16,71,1018,-6
17,52,761,-6
17,53,341,-6
17,70,164,-6
18,42,700,-6
18,46,2423,-6
18,72,831,-6
19,43,1326,-6
20,40,1419,-6
20,65,1008,-6
21,61,2241,-6
22,66,196,-6
22,67,1385,-6
23,25,1922,-6
23,39,1017,-6
24,34,188,-6
24,57,1863,-6
26,28,373,-6
26,34,311,-6
26,40,542,-6
26,63,776,-6
27,35,2172,-6
27,42,431,-6
27,73,1279,-6
28,46,1964,-6
28,48,1092,-6
28,53,503,-6
28,56,595,-6
28,63,706,-6
28,70,491,-6
30,52,1052,-6
30,60,1573,-6
30,69,627,-6
32,39,1598,-6
32,56,1005,-6
32,65,882,-6
33,34,472,-6
34,54,1529,-6
34,73,1069,-6
35,59,196,-6
35,66,2576,-6
35,67,1238,-6
43,63,938,-6
44,46,2684,-6
44,52,647,-6
46,68,1693,-6
48,59,1194,-6
50,51,2171,-6
50,54,363,-6
52,54,1301,-6
52,58,1876,-6
54,68,836,-6
57,59,65,-6
59,66,2547,-6
59,71,2166,-6
60,61,65,-6
60,69,1462,-6
61,72,2013,-6
62,65,1697,-6
66,73,1876,-6
67,72,1008,-6
0,13,1931,-5
0,28,2011,-5
0,54,687,-5
1,3,1285,-5
1,6,1292,-5
1,23,292,-5
1,60,2262,-5
2,11,864,-5
2,20,1337,-5
2,63,702,-5
3,15,1457,-5
3,18,1429,-5
3,20,554,-5
3,28,1055,-5
3,33,535,-5
3,70,1542,-5
4,13,595,-5
4,20,1736,-5
4,32,167,-5
4,36,2304,-5
5,15,1651,-5
5,19,286,-5
5,47,1815,-5
5,62,851,-5
6,13,824,-5
6,14,798,-5
6,28,1042,-5
6,42,1001,-5
7,14,603,-5
7,16,1072,-5
7,20,588,-5
7,28,1671,-5
7,29,1215,-5
7,42,1584,-5
8,32,1343,-5
9,19,902,-5
9,41,1466,-5
9,53,673,-5
11,33,451,-5
12,46,1629,-5
12,63,563,-5
14,39,457,-5
15,40,396,-5
15,71,233,-5
16,21,899,-5
16,22,1140,-5
18,22,834,-5
18,24,670,-5
18,33,935,-5
18,36,2425,-5
18,45,942,-5
18,57,2015,-5
18,64,583,-5
19,24,1148,-5
19,28,1071,-5
19,68,700,-5
20,31,1456,-5
20,37,818,-5
22,30,1014,-5
23,72,300,-5
24,37,721,-5
24,71,374,-5
25,52,1769,-5
26,43,229,-5
27,46,2295,-5
28,32,564,-5
30,35,1483,-5
30,56,18,-5
31,50,2131,-5
32,46,2424,-5
32,58,2491,-5
34,48,1000,-5
34,56,608,-5
36,63,1403,-5
37,57,1165,-5
37,61,1324,-5
37,71,1035,-5
39,53,1534,-5
40,61,1998,-5
42,73,1122,-5
44,51,208,-5
45,55,1082,-5
45,66,858,-5
46,69,1520,-5
47,61,2505,-5
47,68,1516,-5
48,67,349,-5
49,69,91,-5
51,68,994,-5
54,65,1281,-5
55,72,992,-5
58,63,1296,-5
60,72,2077,-5
61,64,1743,-5
0,22,2529,-4
0,39,1158,-4
0,68,1465,-4
0,72,2051,-4
1,34,342,-4
3,23,1073,-4
3,39,439,-4
3,71,1424,-4
4,16,1037,-4
4,19,1491,-4
4,24,343,-4
4,56,930,-4
4,66,357,-4
5,39,293,-4
5,42,1169,-4
6,19,732,-4
6,24,1139,-4
6,27,1179,-4
6,31,988,-4
6,38,1201,-4
6,62,1436,-4
6,63,572,-4
8,24,884,-4
8,64,405,-4
10,51,890,-4
12,20,1205,-4
12,37,405,-4
12,73,1194,-4
13,28,242,-4
13,46,1954,-4
14,17,1436,-4
14,30,684,-4
14,33,564,-4
15,28,404,-4
15,37,1049,-4
15,72,403,-4
16,23,660,-4
16,40,648,-4
17,23,338,-4
18,58,2310,-4
18,69,915,-4
19,70,1554,-4
20,48,587,-4
20,69,662,-4
21,37,933,-4
21,45,467,-4
21,72,234,-4
22,57,2325,-4
22,71,419,-4
23,35,1897,-4
23,61,1991,-4
23,67,807,-4
24,39,1127,-4
24,64,500,-4
25,60,168,-4
25,63,1220,-4
26,72,590,-4
28,64,404,-4
31,42,848,-4
31,70,710,-4
31,72,994,-4
32,69,1223,-4
32,72,489,-4
32,73,1690,-4
33,70,1008,-4
35,45,1721,-4
35,63,1190,-4
37,43,942,-4
39,40,1135,-4
44,61,2515,-4
44,62,2532,-4
44,63,1293,-4
46,54,1088,-4
47,48,1618,-4
47,65,888,-4
50,55,2107,-4
52,57,1547,-4
52,64,356,-4
53,66,265,-4
53,71,348,-4
58,62,87,-4
61,69,1398,-4
64,70,780,-4
65,70,796,-4
70,72,542,-4
0,1,2236,-3
0,24,2083,-3
0,52,1898,-3
0,67,1424,-3
0,69,1433,-3
0,73,1473,-3
1,15,191,-3
1,16,846,-3
1,21,171,-3
1,24,163,-3
1,64,651,-3
2,5,1243,-3
2,6,1104,-3
2,16,576,-3
2,39,1053,-3
2,43,465,-3
2,52,811,-3
2,68,1029,-3
3,63,395,-3
4,23,432,-3
4,28,423,-3
4,34,493,-3
4,57,2203,-3
4,65,744,-3
5,13,1117,-3
5,27,1508,-3
6,37,790,-3
7,12,1435,-3
7,13,1569,-3
7,21,1972,-3
7,70,2149,-3
8,26,698,-3
8,33,420,-3
8,50,1220,-3
8,70,1184,-3
9,52,824,-3
9,55,1003,-3
9,62,1821,-3
10,20,1511,-3
10,46,2042,-3
11,15,1182,-3
11,55,901,-3
11,72,987,-3
13,22,748,-3
13,52,461,-3
13,72,462,-3
14,25,826,-3
14,28,1083,-3
14,37,437,-3
14,40,1117,-3
15,30,943,-3
15,66,391,-3
15,73,1495,-3
16,17,999,-3
16,30,290,-3
16,35,1287,-3
16,37,44,-3
16,46,1344,-3
17,27,50,-3
19,32,1615,-3
19,42,983,-3
19,71,1432,-3
20,55,1431,-3
21,69,1024,-3
22,68,1501,-3
23,51,680,-3
24,62,2081,-3
25,29,1474,-3
25,34,1856,-3
27,48,1193,-3
28,30,609,-3
28,40,174,-3
30,32,1023,-3
30,40,546,-3
31,39,1221,-3
31,63,1106,-3
31,69,978,-3
32,37,1180,-3
32,64,942,-3
33,52,669,-3
33,53,1025,-3
35,43,2125,-3
35,50,126,-3
36,64,1842,-3
36,71,2336,-3
38,44,2319,-3
38,48,1299,-3
38,73,1204,-3
40,73,1304,-3
41,66,2319,-3
42,72,228,-3
44,50,2289,-3
44,54,1935,-3
45,57,1639,-3
45,61,1774,-3
45,70,763,-3
46,52,2053,-3
46,63,1392,-3
47,51,946,-3
47,55,1019,-3
47,59,2400,-3
47,70,301,-3
50,66,2577,-3
51,55,91,-3
51,60,2439,-3
52,71,763,-3
52,73,591,-3
53,55,939,-3
55,70,722,-3
56,58,1515,-3
58,61,36,-3
62,66,2672,-3
62,73,1452,-3
63,65,386,-3
64,65,240,-3
65,73,909,-3
69,71,966,-3
0,23,2028,-2
0,47,2544,-2
0,49,1361,-2
0,58,64,-2
0,59,430,-2
1,19,1306,-2
2,14,1044,-2
2,62,1966,-2
3,22,1582,-2
3,26,1170,-2
3,32,1592,-2
3,56,683,-2
4,12,713,-2
4,26,578,-2
4,39,1450,-2
4,43,363,-2
4,44,974,-2
4,49,1167,-2
4,52,988,-2
4,61,2388,-2
4,64,783,-2
4,71,267,-2
5,14,339,-2
5,23,1246,-2
5,52,1034,-2
6,15,1387,-2
6,35,1245,-2
7,24,1750,-2
7,48,1172,-2
7,56,1295,-2
7,71,2021,-2
8,14,647,-2
8,15,1159,-2
8,17,1023,-2
8,27,973,-2
8,31,922,-2
8,45,823,-2
9,59,1690,-2
10,23,277,-2
10,57,1940,-2
10,58,2093,-2
10,67,1046,-2
11,32,1367,-2
11,64,428,-2
11,70,1205,-2
11,71,1054,-2
12,69,592,-2
13,49,596,-2
14,20,557,-2
14,60,955,-2
14,73,887,-2
15,16,1023,-2
15,23,407,-2
15,24,328,-2
16,45,436,-2
16,66,1289,-2
16,70,1121,-2
17,24,353,-2
18,39,1200,-2
18,43,343,-2
18,60,2370,-2
20,26,1271,-2
21,57,2097,-2
22,37,1171,-2
22,40,492,-2
22,41,2152,-2
22,48,1604,-2
23,56,656,-2
23,68,927,-2
24,56,621,-2
24,63,792,-2
25,32,2445,-2
26,32,745,-2
26,65,472,-2
30,66,1131,-2
30,70,1070,-2
31,49,1030,-2
31,53,929,-2
31,62,2363,-2
32,48,1611,-2
33,35,1362,-2
34,46,1940,-2
34,52,613,-2
35,62,209,-2
35,68,1261,-2
36,60,674,-2
36,65,1683,-2
37,48,904,-2
37,56,344,-2
38,67,1208,-2
39,63,373,-2
40,52,873,-2
40,64,558,-2
41,44,1985,-2
41,51,1867,-2
43,54,1787,-2
44,66,1275,-2
45,51,1065,-2
47,52,1163,-2
47,66,182,-2
49,51,1055,-2
50,53,2374,-2
50,57,101,-2
51,61,2376,-2
52,59,1589,-2
52,68,470,-2
55,73,1014,-2
56,61,1529,-2
58,65,1660,-2
60,66,2695,-2
62,69,1424,-2
62,72,2052,-2
64,71,634,-2
66,71,608,-2
67,71,1082,-2
0,8,1454,-1
0,35,236,-1
0,43,2270,-1
0,51,2408,-1
1,13,473,-1
1,14,1312,-1
1,37,874,-1
1,58,2190,-1
2,3,1018,-1
2,33,512,-1
2,35,1859,-1
2,54,1600,-1
3,49,473,-1
3,61,918,-1
4,22,161,-1
4,30,947,-1
4,70,178,-1
5,33,731,-1
5,63,543,-1
5,71,1573,-1
6,26,879,-1
6,46,1706,-1
6,71,1234,-1
7,36,853,-1
7,47,2223,-1
8,13,592,-1
8,34,701,-1
8,52,448,-1
8,53,1274,-1
8,55,899,-1
10,33,690,-1
10,35,2036,-1
10,49,942,-1
11,50,1212,-1
12,42,283,-1
12,51,1099,-1
12,56,227,-1
12,61,1700,-1
12,62,1740,-1
13,39,870,-1
13,53,685,-1
13,58,1894,-1
14,45,904,-1
14,47,1624,-1
15,26,544,-1
15,39,1425,-1
15,49,1143,-1
15,63,1109,-1
16,64,541,-1
17,30,984,-1
17,73,1326,-1
18,34,589,-1
18,49,979,-1
18,53,763,-1
18,68,959,-1
19,58,906,-1
20,64,970,-1
21,58,2231,-1
21,63,1046,-1
22,33,1070,-1
22,58,2481,-1
23,26,293,-1
23,46,2003,-1
24,28,97,-1
24,35,1967,-1
24,60,2110,-1
24,70,436,-1
25,27,2201,-1
25,33,1384,-1
25,42,1819,-1
25,71,2267,-1
26,54,1585,-1
26,55,417,-1
26,64,324,-1
26,66,935,-1
26,67,744,-1
26,70,516,-1
27,60,2339,-1
27,68,1112,-1
28,45,318,-1
28,68,968,-1
28,69,658,-1
29,47,1420,-1
30,39,904,-1
30,58,1497,-1
30,63,546,-1
31,34,735,-1
32,34,643,-1
32,35,2433,-1
32,47,7,-1
32,71,423,-1
33,36,1491,-1
34,53,578,-1
34,68,878,-1
34,71,421,-1
35,55,2167,-1
35,71,2238,-1
37,46,1332,-1
37,60,1388,-1
38,61,301,-1
39,51,1257,-1
39,55,1197,-1
39,59,861,-1
39,70,1466,-1
40,68,1107,-1
42,48,1061,-1
44,59,2227,-1
44,68,1099,-1
45,68,1030,-1
47,58,2496,-1
49,60,1392,-1
50,72,1954,-1
51,53,868,-1
52,67,474,-1
55,57,2006,-1
55,65,863,-1
55,69,958,-1
55,71,592,-1
57,71,2112,-1
58,70,2456,-1
61,70,2460,-1
62,70,2494,-1
66,69,1393,-1
69,70,1104,-1
0,70,2498,0
1,56,735,0
1,67,1094,0
2,24,133,0
2,56,487,0
3,43,1321,0
4,35,2310,0
4,53,92,0
4,54,2022,0
5,26,1266,0
5,68,610,0
5,72,1351,0
6,66,1764,0
7,27,1955,0
7,66,2362,0
8,22,1334,0
8,40,916,0
8,51,955,0
8,60,1484,0
9,50,1719,0
9,71,646,0
10,12,413,0
10,25,2047,0
10,40,104,0
11,12,816,0
11,23,782,0
11,24,911,0
11,62,1439,0
12,23,433,0
12,32,804,0
12,52,901,0
13,16,617,0
13,70,596,0
14,34,1036,0
14,48,929,0
14,61,890,0
14,66,1759,0
14,70,1570,0
15,18,649,0
15,55,826,0
16,60,1416,0
16,61,1352,0
17,42,473,0
17,66,603,0
18,26,289,0
18,47,843,0
18,52,491,0
19,20,497,0
19,30,709,0
19,39,390,0
19,41,583,0
21,32,277,0
21,52,1075,0
21,60,2305,0
22,23,577,0
22,24,464,0
22,61,2490,0
23,49,735,0
24,52,789,0
24,67,935,0
24,69,751,0
25,40,1943,0
26,37,826,0
27,32,447,0
27,63,982,0
28,33,526,0
28,42,95,0
29,39,457,0
29,48,200,0
30,31,1331,0
30,34,620,0
31,33,1031,0
31,35,2191,0
31,43,513,0
32,33,1080,0
32,44,1110,0
32,66,189,0
32,70,295,0
33,48,802,0
33,56,420,0
34,37,613,0
34,67,752,0
35,42,1801,0
35,65,1571,0
37,39,570,0
39,62,1144,0
41,52,1344,0
43,61,2234,0
43,70,286,0
45,48,1187,0
45,49,721,0
45,72,242,0
46,57,883,0
46,58,492,0
48,51,991,0
48,55,911,0
49,73,550,0
52,53,1080,0
52,61,1868,0
52,63,682,0
52,72,923,0
53,68,1438,0
55,60,2384,0
55,67,929,0
56,67,875,0
57,64,1486,0
60,62,54,0
63,64,453,0
68,71,1168,0
0,6,1454,1
0,20,975,1
0,57,426,1
1,22,301,1
1,49,1005,1
2,30,503,1
2,49,770,1
2,57,1762,1
2,65,332,1
3,46,1003,1
3,52,1051,1
3,54,667,1
3,64,849,1
4,25,2327,1
4,27,282,1
5,12,1075,1
5,48,734,1
5,60,895,1
5,61,834,1
6,70,1391,1
7,32,2217,1
7,50,232,1
7,62,376,1
7,72,1738,1
10,55,934,1
10,60,2167,1
10,64,620,1
12,49,671,1
12,55,1110,1
12,58,1689,1
12,65,310,1
12,68,993,1
13,15,567,1
13,61,1895,1
13,69,511,1
14,46,974,1
15,61,2373,1
15,64,754,1
16,26,823,1
16,33,184,1
16,49,402,1
16,53,1103,1
16,54,1071,1
16,57,1202,1
16,68,763,1
17,56,969,1
17,61,2324,1
18,29,820,1
18,62,2329,1
18,67,933,1
18,71,416,1
20,23,1304,1
20,33,834,1
20,46,1286,1
20,51,1499,1
20,52,975,1
21,33,855,1
22,32,10,1
22,43,524,1
22,46,2414,1
22,70,294,1
23,34,65,1
23,52,634,1
24,32,474,1
24,41,1688,1
24,51,795,1
24,66,641,1
25,45,1724,1
25,46,624,1
25,55,2225,1
25,70,2392,1
26,39,997,1
26,44,611,1
27,39,1259,1
27,56,931,1
27,65,612,1
28,55,784,1
29,52,328,1
31,46,2498,1
32,60,2564,1
33,54,1088,1
33,55,1015,1
33,72,622,1
34,35,1831,1
34,70,535,1
37,53,1132,1
37,58,1317,1
37,70,1142,1
38,39,940,1
39,42,965,1
39,56,915,1
39,61,1128,1
41,45,1483,1
42,47,646,1
42,61,1882,1
43,46,2273,1
43,69,850,1
44,55,208,1
44,60,2577,1
46,61,529,1
46,70,2451,1
47,64,949,1
48,52,493,1
48,63,688,1
51,54,1825,1
51,62,2396,1
52,55,458,1
54,63,898,1
54,70,2050,1
55,61,2321,1
56,63,555,1
56,68,1046,1
56,70,1054,1
57,70,2247,1
58,60,78,1
59,61,423,1
60,70,2525,1
61,62,54,1
62,67,1411,1
63,68,508,1
63,71,1048,1
64,68,568,1
64,73,756,1
65,66,1047,1
66,67,1572,1
66,70,467,1
66,72,624,1
67,70,1233,1
70,71,159,1
0,18,2340,2
0,32,2539,2
0,45,1812,2
0,62,30,2
0,66,2670,2
1,46,2147,2
2,25,1871,2
2,69,680,2
3,24,1130,2
3,60,983,2
3,72,1110,2
4,14,1500,2
4,15,35,2
4,37,1064,2
4,42,509,2
4,51,792,2
4,63,1130,2
4,69,1077,2
5,22,1800,2
5,36,1160,2
5,56,992,2
6,10,1256,2
6,50,1168,2
6,53,1509,2
6,55,963,2
7,60,423,2
8,28,787,2
8,44,1094,2
8,61,1422,2
9,60,1847,2
10,18,767,2
10,19,1218,2
10,45,340,2
12,30,242,2
13,37,623,2
13,44,817,2
14,24,1157,2
14,26,1199,2
14,54,655,2
14,67,641,2
15,32,201,2
15,52,955,2
15,54,1999,2
16,39,614,2
16,52,853,2
16,69,357,2
17,31,594,2
17,39,1309,2
18,31,169,2
18,48,979,2
18,56,1189,2
18,66,1017,2
18,70,550,2
18,73,1080,2
19,26,1167,2
19,52,1028,2
19,53,1563,2
19,55,1460,2
19,66,1761,2
20,34,1243,2
20,38,715,2
20,43,1480,2
20,53,1821,2
21,26,692,2
22,26,739,2
22,35,2423,2
22,45,721,2
22,64,934,2
23,37,678,2
23,65,326,2
24,55,831,2
25,50,236,2
26,30,911,2
26,31,425,2
26,35,1944,2
26,45,664,2
26,49,745,2
26,68,815,2
27,45,647,2
28,52,702,2
30,33,417,2
30,71,1005,2
31,32,1001,2
31,45,1089,2
31,61,2344,2
32,45,731,2
32,54,2163,2
32,55,1012,2
32,61,2500,2
33,46,1496,2
35,69,1276,2
36,57,997,2
37,63,218,2
39,43,1200,2
39,50,916,2
39,60,1189,2
39,65,723,2
39,67,268,2
40,71,484,2
41,46,993,2
41,55,1802,2
42,54,1523,2
42,65,243,2
43,48,1116,2
43,52,639,2
43,60,2299,2
43,71,128,2
45,52,903,2
46,49,1475,2
46,66,2521,2
49,62,1352,2
50,63,1170,2
51,72,956,2
52,65,595,2
52,66,1346,2
57,72,1863,2
61,66,2631,2
63,66,1427,2
64,67,455,2
0,15,2411,3
1,8,1043,3
1,32,311,3
1,57,2024,3
2,4,462,3
2,17,484,3
2,46,1885,3
2,55,919,3
3,5,341,3
3,36,1025,3
3,55,1475,3
4,58,2381,3
5,25,735,3
5,54,359,3
5,55,1489,3
5,65,928,3
5,70,1709,3
6,47,1587,3
7,37,1038,3
8,25,1326,3
8,63,314,3
10,24,123,3
10,30,644,3
10,52,912,3
10,59,2001,3
10,70,440,3
12,16,366,3
12,19,839,3
12,25,1651,3
12,27,704,3
12,67,830,3
12,70,830,3
13,19,988,3
13,25,1818,3
13,48,862,3
13,66,940,3
14,27,1387,3
14,44,1710,3
14,55,1505,3
14,64,878,3
14,65,775,3
14,68,764,3
15,44,941,3
15,69,1053,3
17,22,413,3
17,32,417,3
17,45,682,3
17,63,1032,3
17,72,493,3
18,37,1107,3
18,51,125,3
19,45,910,3
19,48,863,3
19,63,391,3
20,32,1885,3
20,44,1609,3
21,46,2148,3
22,69,1214,3
23,31,710,3
23,32,586,3
23,33,538,3
23,41,1599,3
25,31,2248,3
25,65,1595,3
26,71,357,3
27,54,1844,3
27,55,588,3
27,70,212,3
28,37,652,3
28,67,838,3
31,47,1008,3
32,49,1314,3
32,52,1156,3
34,58,1921,3
34,60,1990,3
35,40,1933,3
35,60,264,3
36,58,624,3
36,61,661,3
36,66,2464,3
39,64,688,3
39,69,375,3
40,70,526,3
42,52,706,3
42,67,786,3
43,49,933,3
44,47,1116,3
45,64,550,3
45,71,703,3
46,55,2478,3
47,60,2569,3
47,67,1400,3
48,71,1244,3
49,66,1484,3
49,70,1191,3
51,57,2069,3
52,56,1050,3
53,57,2279,3
53,61,2455,3
53,72,452,3
54,55,1758,3
54,69,947,3
54,73,803,3
55,58,2328,3
56,60,1592,3
56,64,700,3
57,73,1070,3
60,64,1807,3
61,65,1664,3
64,66,1125,3
65,68,709,3
68,70,1324,3
0,11,1452,4
1,7,1909,4
1,26,522,4
1,27,303,4
2,32,574,4
2,58,1920,4
2,66,726,4
3,4,1473,4
3,6,777,4
3,62,952,4
3,66,1734,4
3,67,616,4
3,73,869,4
5,7,475,4
6,56,1116,4
7,23,1680,4
7,55,1965,4
8,10,995,4
8,16,560,4
8,66,1522,4
8,72,958,4
9,47,722,4
10,72,103,4
11,44,1094,4
12,24,394,4
12,31,1119,4
12,33,380,4
12,39,935,4
12,50,1656,4
13,14,1015,4
13,18,499,4
13,60,1960,4
13,68,752,4
14,43,1350,4
14,58,885,4
15,25,2311,4
15,58,2366,4
16,20,862,4
16,47,1155,4
17,20,1592,4
17,35,2222,4
18,50,2116,4
19,37,437,4
19,61,908,4
19,62,939,4
19,65,757,4
19,73,821,4
20,47,1891,4
20,70,1750,4
21,66,390,4
22,34,634,4
22,65,872,4
22,72,479,4
23,54,1592,4
23,69,646,4
23,70,470,4
25,28,1908,4
25,61,120,4
26,51,406,4
26,57,1804,4
27,52,719,4
27,57,2047,4
28,66,736,4
29,61,1579,4
31,73,1040,4
32,41,2162,4
32,57,2334,4
33,57,1254,4
33,67,460,4
34,44,919,4
34,59,1773,4
34,61,1925,4
34,66,820,4
34,69,583,4
36,51,2521,4
37,65,362,4
37,66,1324,4
37,69,324,4
39,52,741,4
40,55,947,4
40,57,1839,4
40,63,782,4
40,66,647,4
42,57,1696,4
42,63,626,4
45,50,1727,4
45,56,291,4
49,52,578,4
50,67,1183,4
51,66,1114,4
54,66,2325,4
54,72,1709,4
55,59,2047,4
56,69,632,4
58,66,2620,4
61,67,1393,4
0,14,927,5
0,37,1362,5
0,41,605,5
0,44,2546,5
1,4,195,5
1,66,479,5
2,26,506,5
2,53,526,5
4,8,1186,5
4,11,1210,5
4,33,949,5
4,62,2424,5
4,72,405,5
5,24,1336,5
5,58,844,5
6,32,1580,5
6,45,1105,5
7,10,1820,5
7,46,751,5
8,18,895,5
8,30,833,5
8,47,1349,5
10,71,422,5
11,47,1374,5
12,13,497,5
12,18,978,5
12,53,767,5
13,32,756,5
13,54,1454,5
13,62,1925,5
14,21,1369,5
15,68,1317,5
17,28,379,5
18,25,2216,5
18,35,2166,5
18,61,2306,5
20,60,1005,5
20,62,955,5
20,63,644,5
20,66,2055,5
21,28,390,5
21,49,1114,5
22,52,1150,5
22,60,2554,5
22,63,1257,5
23,57,1781,5
23,62,2024,5
24,30,636,5
24,43,347,5
25,48,1425,5
26,27,308,5
26,52,411,5
26,60,2132,5
28,31,789,5
28,35,1888,5
28,43,340,5
28,49,749,5
29,73,279,5
30,53,993,5
31,55,25,5
32,40,502,5
32,68,1509,5
33,49,291,5
33,60,1518,5
33,66,1238,5
34,45,354,5
34,47,649,5
35,46,730,5
35,70,2366,5
37,47,1186,5
37,52,834,5
39,45,991,5
40,60,2063,5
40,69,761,5
40,72,49,5
42,49,681,5
42,55,842,5
42,66,804,5
43,64,512,5
45,46,1701,5
45,58,1763,5
45,65,328,5
48,50,1262,5
48,60,1592,5
48,70,1403,5
53,62,2492,5
53,63,1208,5
54,62,664,5
55,62,2340,5
55,68,923,5
56,66,1113,5
58,67,1401,5
60,63,1361,5
61,73,1449,5
63,70,1176,5
64,69,345,5
66,68,1692,5
1,30,752,6
1,55,880,6
2,8,835,6
2,64,485,6
2,73,1226,6
3,30,666,6
3,57,763,6
4,18,683,6
4,60,2453,6
4,68,1347,6
5,10,1421,6
5,20,228,6
5,28,1248,6
6,30,1110,6
6,33,702,6
6,60,1485,6
7,45,1507,6
8,21,1171,6
8,48,383,6
10,22,388,6
10,66,547,6
11,48,352,6
12,40,311,6
12,57,1568,6
14,50,826,6
15,57,2183,6
16,32,1150,6
16,55,1195,6
16,67,592,6
16,73,952,6
17,25,2251,6
18,28,633,6
19,25,837,6
19,33,546,6
19,47,1620,6
19,69,505,6
20,45,1264,6
21,22,268,6
21,68,1357,6
22,44,1109,6
22,47,15,6
22,49,1305,6
23,24,154,6
23,40,251,6
23,55,705,6
24,47,480,6
24,58,2038,6
25,68,1331,6
27,43,82,6
27,66,635,6
28,51,758,6
28,65,320,6
30,62,1554,6
31,44,192,6
32,50,2428,6
32,53,76,6
33,47,1086,6
33,58,1449,6
33,68,630,6
35,38,76,6
35,53,2382,6
35,64,1621,6
36,49,1498,6
37,55,1189,6
38,54,402,6
40,65,414,6
42,51,823,6
42,60,1947,6
45,47,735,6
46,60,538,6
48,62,1542,6
48,72,1289,6
52,60,1929,6
52,70,923,6
53,58,2447,6
54,56,1342,6
56,71,990,6
57,66,2486,6
63,73,694,6
71,72,513,6
0,29,1607,7
0,30,1550,7
0,55,2353,7
1,52,911,7
2,7,1643,7
2,13,353,7
2,23,214,7
3,12,808,7
3,41,626,7
3,45,880,7
4,47,174,7
4,55,860,7
5,32,1809,7
7,44,2156,7
7,52,1509,7
7,63,973,7
8,20,572,7
8,39,304,7
10,17,401,7
10,27,383,7
12,14,832,7
12,15,707,7
12,60,1764,7
13,20,1154,7
13,45,476,7
14,32,1618,7
14,49,501,7
15,35,2292,7
16,18,1107,7
16,58,1344,7
17,26,352,7
17,37,1016,7
17,40,463,7
17,44,727,7
17,58,2321,7
18,41,1814,7
18,55,176,7
19,35,818,7
19,60,973,7
21,70,438,7
22,31,999,7
22,39,1589,7
23,66,766,7
26,33,657,7
26,42,424,7
26,46,2152,7
26,50,1905,7
27,49,987,7
27,58,2271,7
28,47,571,7
28,60,2038,7
29,44,952,7
30,46,1400,7
30,72,542,7
31,48,936,7
31,54,1782,7
31,58,2351,7
32,62,2539,7
32,67,1393,7
35,52,1709,7
35,72,1953,7
36,70,2420,7
37,67,554,7
39,66,1769,7
40,54,1680,7
41,50,304,7
43,66,717,7
48,73,104,7
49,57,1062,7
52,62,1885,7
53,64,872,7
54,64,1275,7
56,65,461,7
60,67,1455,7
60,68,1496,7
65,67,557,7
65,69,348,7
1,11,1070,8
1,17,312,8
1,65,571,8
2,18,768,8
2,19,1040,8
2,45,198,8
2,47,580,8
2,67,885,8
3,10,1194,8
3,25,853,8
3,50,848,8
3,68,742,8
4,7,2093,8
4,17,258,8
4,50,2298,8
6,52,518,8
7,18,1958,8
8,73,410,8
9,44,1195,8
10,11,1023,8
10,26,549,8
10,31,933,8
11,73,378,8
12,45,73,8
13,63,598,8
14,62,924,8
15,19,1474,8
16,36,1329,8
17,33,871,8
17,55,602,8
17,57,2098,8
18,63,1034,8
19,44,1664,8
19,51,1503,8
19,67,582,8
19,72,1137,8
21,40,264,8
22,55,1009,8
23,28,79,8
23,63,708,8
23,64,359,8
23,71,357,8
25,47,2450,8
26,69,669,8
27,40,436,8
27,53,371,8
31,41,1827,8
31,57,2030,8
33,62,1486,8
34,55,728,8
36,52,2076,8
37,45,474,8
37,54,1030,8
39,44,1388,8
39,47,1604,8
40,62,2036,8
42,43,428,8
42,71,493,8
43,55,517,8
43,58,2232,8
45,69,637,8
46,67,1599,8
46,72,1941,8
47,57,2340,8
48,65,860,8
49,71,1051,8
50,59,74,8
53,69,1160,8
58,73,1466,8
63,67,339,8
0,60,31,9
1,5,1498,9
3,8,620,9
3,40,1091,9
3,44,1681,9
3,69,518,9
4,67,1236,9
5,45,1141,9
5,50,639,9
5,66,1969,9
6,36,1759,9
6,44,1130,9
6,48,130,9
12,72,315,9
13,26,210,9
13,31,626,9
13,36,1945,9
17,50,2196,9
19,49,452,9
19,57,728,9
19,64,844,9
20,28,1320,9
20,72,1453,9
21,27,465,9
22,51,937,9
24,44,1002,9
24,50,1957,9
24,59,1922,9
26,47,753,9
27,47,454,9
27,71,66,9
28,44,966,9
28,62,2008,9
29,58,1590,9
30,43,947,9
30,49,685,9
30,50,1506,9
31,68,948,9
33,61,1453,9
34,64,312,9
35,51,2227,9
37,64,534,9
38,68,1222,9
39,48,476,9
40,41,1672,9
40,48,1243,9
43,47,536,9
43,57,1995,9
43,67,957,9
45,60,1838,9
45,67,870,9
48,64,688,9
59,73,1098,9
2,50,1854,10
3,9,877,10
3,47,1597,10
4,10,302,10
4,31,851,10
5,57,540,10
6,9,1044,10
6,54,808,10
6,73,126,10
7,54,338,10
7,73,1086,10
10,32,398,10
12,21,541,10
12,66,931,10
13,24,333,10
13,33,458,10
13,57,1657,10
15,31,817,10
15,48,1414,10
15,60,2438,10
15,67,1209,10
16,25,1295,10
17,51,538,10
17,54,1895,10
17,60,2389,10
17,69,952,10
18,44,333,10
18,65,760,10
20,24,1414,10
20,30,1143,10
20,50,682,10
20,73,498,10
21,51,994,10
22,25,2435,10
23,27,292,10
23,45,389,10
23,58,1987,10
23,60,2056,10
24,31,832,10
25,66,2582,10
25,72,1960,10
26,58,2069,10
26,61,2068,10
26,62,2094,10
27,62,2306,10
27,67,1022,10
29,68,146,10
33,37,174,10
33,44,1224,10
35,47,2439,10
35,57,191,10
37,49,363,10
37,62,1360,10
39,46,1365,10
39,73,430,10
42,44,1031,10
45,62,1814,10
46,47,2427,10
59,67,1127,10
61,68,1437,10
67,73,367,10
68,72,1152,10
68,73,201,10
1,31,876,11
2,22,564,11
3,31,1496,11
4,41,2025,11
5,6,612,11
5,21,1585,11
5,30,977,11
5,31,1512,11
6,72,1227,11
7,30,1277,11
8,35,1272,11
10,44,1094,11
12,26,694,11
13,51,614,11
14,35,817,11
16,44,1403,11
16,63,259,11
17,18,426,11
17,41,1909,11
18,59,2060,11
20,56,1156,11
20,71,1603,11
21,50,2188,11
21,62,2282,11
22,42,630,11
22,62,2529,11
23,42,150,11
24,42,167,11
24,49,842,11
26,56,901,11
27,41,1859,11
27,61,2274,11
28,34,92,11
28,41,1602,11
28,72,223,11
30,36,1356,11
30,41,1292,11
32,51,939,11
33,39,558,11
35,44,2354,11
35,56,1501,11
36,37,1322,11
37,51,1210,11
37,59,1227,11
38,57,133,11
38,58,334,11
39,71,1322,11
40,58,1989,11
42,68,926,11
43,68,1040,11
48,69,589,11
53,65,823,11
59,68,1128,11
64,72,605,11
69,72,799,11
0,9,1821,12
1,45,446,12
2,27,449,12
2,59,1822,12
3,35,842,12
6,20,486,12
8,46,1613,12
9,29,929,12
11,35,1267,12
12,44,1306,12
13,47,763,12
13,55,616,12
14,31,1525,12
14,57,742,12
15,20,1711,12
15,41,2004,12
15,47,208,12
16,65,353,12
17,47,424,12
20,27,1541,12
20,54,326,12
21,43,531,12
21,47,280,12
21,64,794,12
24,46,2016,12
24,72,161,12
25,30,1473,12
25,35,109,12
25,39,1028,12
27,34,355,12
27,64,571,12
27,69,901,12
28,71,399,12
29,35,1406,12
29,54,982,12
31,67,953,12
32,59,2394,12
33,63,191,12
33,65,211,12
34,57,1716,12
37,72,699,12
39,54,588,12
42,58,1876,12
43,44,666,12
46,62,575,12
48,56,1221,12
48,66,1799,12
49,54,858,12
49,61,1328,12
56,62,1573,12
63,72,813,12
1,41,1850,13
1,70,332,13
3,59,826,13
5,49,522,13
5,51,1547,13
5,67,559,13
10,42,261,13
10,53,354,13
14,51,1544,13
14,69,547,13
15,33,930,13
15,51,758,13
16,24,695,13
16,31,1211,13
17,68,1160,13
19,54,619,13
20,21,1683,13
20,42,1251,13
20,57,582,13
23,47,592,13
24,40,119,13
25,67,1295,13
27,44,724,13
29,57,1237,13
30,55,1320,13
33,64,360,13
35,54,457,13
35,73,1254,13
36,55,2489,13
40,44,1120,13
40,45,240,13
42,62,1917,13
43,62,2264,13
48,54,899,13
49,72,888,13
53,59,2338,13
53,60,2519,13
54,71,1908,13
0,38,307,14
2,34,204,14
2,41,1593,14
2,44,1101,14
3,7,627,14
5,11,588,14
5,44,1681,14
6,57,1069,14
10,41,1772,14
10,62,2141,14
11,39,297,14
11,41,910,14
16,59,1264,14
17,49,1037,14
17,62,2355,14
21,67,1222,14
22,59,2384,14
25,44,2416,14
25,73,1335,14
27,31,582,14
27,33,823,14
29,67,230,14
30,42,519,14
30,44,1521,14
30,47,1027,14
33,69,217,14
34,51,711,14
40,67,966,14
47,50,2433,14
2,31,924,15
4,59,2261,15
8,56,838,15
10,65,503,15
11,67,29,15
14,41,611,15
15,50,2278,15
16,62,1389,15
17,65,660,15
21,31,1044,15
22,27,442,15
22,50,2418,15
34,50,1813,15
34,63,643,15
37,68,725,15
40,43,466,15
40,47,507,15
43,50,2095,15
43,59,2049,15
46,64,1840,15
51,67,989,15
54,57,268,15
1,47,317,16
1,53,257,16
2,60,1993,16
3,51,1515,16
3,58,913,16
5,8,591,16
5,9,1119,16
5,59,593,16
7,9,1504,16
7,57,179,16
8,12,784,16
8,54,888,16
10,13,456,16
11,20,557,16
19,50,817,16
21,55,1048,16
21,65,676,16
23,44,889,16
28,58,1967,16
30,51,1317,16
31,59,2072,16
33,50,1349,16
34,43,336,16
39,72,1170,16
40,51,913,16
45,59,1701,16
46,51,2514,16
49,67,192,16
49,68,361,16
53,67,1325,16
58,68,1449,16
58,72,2003,16
1,40,206,17
1,71,331,17
12,47,809,17
16,50,1290,17
23,50,1878,17
23,53,518,17
25,57,292,17
25,58,149,17
26,41,1609,17
28,50,1874,17
34,49,673,17
34,65,260,17
35,36,854,17
36,40,1902,17
38,41,335,17
39,68,327,17
46,71,2359,17
49,58,1331,17
1,43,363,18
2,10,178,18
2,42,107,18
12,71,763,18
13,29,662,18
15,62,2409,18
17,64,621,18
17,67,1072,18
19,29,808,18
19,31,1481,18
21,71,481,18
23,43,279,18
25,38,186,18
28,59,1837,18
34,62,1958,18
39,57,814,18
42,64,378,18
45,53,694,18
46,53,2393,18
46,56,1418,18
48,57,1165,18
2,71,505,19
3,11,634,19
5,41,353,19
8,41,919,19
11,58,1429,19
12,43,709,19
13,65,264,19
13,67,642,19
15,29,1217,19
16,41,1049,19
17,29,1047,19
17,59,2152,19
17,71,21,19
19,59,791,19
24,26,434,19
37,44,1398,19
43,65,580,19
3,29,844,20
8,67,50,20
11,54,876,20
11,57,1111,20
12,34,390,20
25,54,550,20
26,59,1855,20
33,41,1082,20
36,44,2697,20
36,67,1634,20
40,53,458,20
46,50,854,20
51,58,2381,20
67,68,171,20
1,44,1027,21
6,7,1063,21
8,9,765,21
10,47,403,21
12,41,1414,21
13,41,1468,21
14,59,806,21
29,41,1033,21
42,50,1790,21
42,59,1755,21
43,51,464,21
46,59,915,21
51,59,2112,21
1,42,329,22
2,21,345,22
4,9,613,22
5,29,747,22
10,50,2033,22
12,59,1631,22
24,53,416,22
25,41,467,22
27,50,2146,22
27,51,529,22
35,48,1346,22
56,72,525,22
2,72,122,23
15,59,2241,23
15,65,723,23
20,36,1360,23
21,41,1934,23
21,44,1189,23
22,53,71,23
24,29,988,23
30,59,1490,23
33,59,1313,23
2,51,893,24
8,57,1119,24
26,29,697,24
33,51,1036,24
8,68,210,25
13,50,1756,25
13,59,1711,25
14,29,869,25
17,43,122,25
23,36,1981,25
23,59,1838,25
27,59,2102,25
34,41,1535,25
36,41,1090,25
37,50,1254,25
39,41,615,25
1,9,418,26
2,29,969,26
8,58,1429,26
11,68,178,26
12,29,971,26
16,29,791,26
16,51,1213,26
35,41,381,26
40,42,182,26
4,29,1248,27
7,41,243,27
10,34,308,27
21,34,482,27
22,29,1406,27
28,29,892,27
1,50,2117,28
21,36,2098,28
37,41,1009,28
27,29,1000,29
36,47,2378,29
40,50,1931,29
49,59,1115,29
56,59,1507,29
1,36,2108,30
20,41,379,30
21,53,265,30
32,38,2435,30
36,50,975,30
36,62,709,30
6,41,866,31
36,42,1843,31
42,53,583,31
8,11,31,32
21,59,2159,32
40,59,1899,32
1,51,828,33
12,36,1592,33
18,38,2140,33
1,59,2083,34
8,38,1244,34
10,36,2001,34
24,38,1966,34
2,9,151,35
4,38,2307,35
34,38,1824,35
23,29,843,37
10,29,1108,38
24,36,1983,38
31,38,2159,38
36,43,2256,39
1,29,1135,41
21,42,436,42
12,38,1657,43
17,38,2211,44
2,38,1860,45
22,38,2425,46
26,38,1924,46
37,38,1258,46
2,36,1851,47
16,38,1293,48
21,29,1282,48
28,38,1884,49
30,38,1501,49
19,38,821,50
33,38,1358,50
36,59,1033,50
27,38,2160,51
3,38,849,52
5,38,658,55
14,38,825,56
13,38,1772,59
29,38,1368,59
36,53,2349,59
15,38,2288,60
23,38,1890,61
9,38,1723,64
1,38,2125,65
10,38,2038,66
21,38,2192,120
36,38,928,150
