c1, c2, dist, nm
0, 1, 2236, -9
0, 2, 1967, -7
0, 3, 955, -11
0, 4, 2426, -4
0, 5, 865, -7
0, 6, 1454, 6
0, 7, 392, -7
0, 8, 1454, 3
0, 9, 1821, -11
0, 10, 2141, -8
0, 11, 1452, 6
0, 12, 1739, -6
0, 13, 1931, -10
0, 14, 927, -17
0, 15, 2411, -3
0, 16, 1390, -12
0, 17, 2360, -6
0, 18, 2340, 1
0, 19, 944, -12
0, 20, 975, 0
0, 21, 2280, -21
0, 22, 2529, -3
0, 23, 2028, -3
0, 24, 2083, -1
0, 25, 137, 3
0, 26, 2102, -6
0, 27, 2311, -5
0, 28, 2011, -7
0, 29, 1607, 3
0, 30, 1550, -10
0, 31, 2376, -2
0, 32, 2539, 2
0, 33, 1490, -5
0, 34, 1962, -8
0, 35, 236, -4
0, 36, 680, -13
0, 37, 1362, -17
0, 38, 307, 54
0, 39, 1158, -1
0, 40, 2037, -5
0, 41, 605, 5
0, 42, 1920, -7
0, 43, 2270, -3
0, 44, 2546, 0
0, 45, 1812, -4
0, 46, 546, -35
0, 47, 2544, -3
0, 48, 1561, -5
0, 49, 1361, 2
0, 50, 357, 31
0, 51, 2408, 2
0, 52, 1898, -2
0, 53, 2493, -3
0, 54, 687, -16
0, 55, 2353, -2
0, 56, 1568, -11
0, 57, 426, -7
0, 58, 64, -17
0, 59, 430, 19
0, 60, 31, -27
0, 61, 39, -9
0, 62, 30, -10
0, 63, 1332, -1
0, 64, 1778, -11
0, 65, 1701, -11
0, 66, 2670, -3
0, 67, 1424, 3
0, 68, 1465, 0
0, 69, 1433, -4
0, 70, 2498, -4
0, 71, 2377, -7
0, 72, 2051, -12
0, 73, 1473, -2
1, 2, 269, 33
1, 3, 1285, 10
1, 4, 195, -11
1, 5, 1498, 16
1, 6, 1292, 11
1, 7, 1909, 10
1, 8, 1043, 7
1, 9, 418, 56
1, 10, 109, 219
1, 11, 1070, 12
1, 12, 518, 61
1, 13, 473, 1
1, 14, 1312, 28
1, 15, 191, 1
1, 16, 846, 6
1, 17, 312, -18
1, 18, 707, 3
1, 19, 1306, 15
1, 20, 1577, -4
1, 21, 171, -1065
1, 22, 301, 33
1, 23, 292, 71
1, 24, 163, 51
1, 25, 2139, 7
1, 26, 522, 8
1, 27, 303, 72
1, 28, 257, 55
1, 29, 1135, 25
1, 30, 752, 19
1, 31, 876, 8
1, 32, 311, 19
1, 33, 769, 6
1, 34, 342, 4
1, 35, 2125, 4
1, 36, 2108, -104
1, 37, 874, 5
1, 38, 2125, 46
1, 39, 1290, -1
1, 40, 206, 7
1, 41, 1850, 12
1, 42, 329, -1
1, 43, 363, 10
1, 44, 1027, 18
1, 45, 446, 45
1, 46, 2147, -11
1, 47, 317, 21
1, 48, 1335, 0
1, 49, 1005, -5
1, 50, 2117, 23
1, 51, 828, 27
1, 52, 911, 2
1, 53, 257, 48
1, 54, 1852, 5
1, 55, 880, 9
1, 56, 735, 132
1, 57, 2024, 8
1, 58, 2190, 7
1, 59, 2083, 15
1, 60, 2262, 13
1, 61, 2198, 1
1, 62, 2235, 29
1, 63, 955, 9
1, 64, 651, 24
1, 65, 571, 2
1, 66, 479, 14
1, 67, 1094, 8
1, 68, 1219, -1
1, 69, 914, 9
1, 70, 332, 11
1, 71, 331, 9
1, 72, 212, 217
1, 73, 1407, 4
2, 3, 1018, 5
2, 4, 462, 15
2, 5, 1243, 8
2, 6, 1104, 7
2, 7, 1643, 3
2, 8, 835, 10
2, 9, 151, 116
2, 10, 178, -72
2, 11, 864, 12
2, 12, 261, -47
2, 13, 353, 21
2, 14, 1044, 21
2, 15, 452, 23
2, 16, 576, 9
2, 17, 484, 8
2, 18, 768, -2
2, 19, 1040, 14
2, 20, 1337, 8
2, 21, 345, -31
2, 22, 564, 9
2, 23, 214, 18
2, 24, 133, -3
2, 25, 1871, 4
2, 26, 506, 1
2, 27, 449, 0
2, 28, 135, -1
2, 29, 969, 11
2, 30, 503, 32
2, 31, 924, 7
2, 32, 574, 2
2, 33, 512, 12
2, 34, 204, 33
2, 35, 1859, 3
2, 36, 1851, 4
2, 37, 606, 10
2, 38, 1860, 15
2, 39, 1053, -3
2, 40, 81, 33
2, 41, 1593, 7
2, 42, 107, 17
2, 43, 465, 15
2, 44, 1101, 14
2, 45, 198, 0
2, 46, 1885, 5
2, 47, 580, 16
2, 48, 1167, 5
2, 49, 770, 12
2, 50, 1854, 13
2, 51, 893, 34
2, 52, 811, 4
2, 53, 526, 20
2, 54, 1600, 1
2, 55, 919, -3
2, 56, 487, -14
2, 57, 1762, 4
2, 58, 1920, 4
2, 59, 1822, 9
2, 60, 1993, 6
2, 61, 1928, 4
2, 62, 1966, 9
2, 63, 702, 19
2, 64, 485, 18
2, 65, 332, 17
2, 66, 726, 3
2, 67, 885, -2
2, 68, 1029, 0
2, 69, 680, 9
2, 70, 569, 10
2, 71, 505, 20
2, 72, 122, -14
2, 73, 1226, -6
3, 4, 1473, -2
3, 5, 341, 40
3, 6, 777, 13
3, 7, 627, 25
3, 8, 620, 9
3, 9, 877, 1
3, 10, 1194, -11
3, 11, 634, 16
3, 12, 808, -8
3, 13, 985, -11
3, 14, 29, -49
3, 15, 1457, -2
3, 16, 444, -9
3, 17, 1407, -8
3, 18, 1429, 0
3, 19, 57, -14
3, 20, 554, 0
3, 21, 1344, -9
3, 22, 1582, -4
3, 23, 1073, -14
3, 24, 1130, -13
3, 25, 853, 17
3, 26, 1170, -9
3, 27, 1358, -11
3, 28, 1055, -1
3, 29, 844, 32
3, 30, 666, -5
3, 31, 1496, 9
3, 32, 1592, -3
3, 33, 535, -17
3, 34, 1007, -6
3, 35, 842, 7
3, 36, 1025, 6
3, 37, 411, -30
3, 38, 849, 71
3, 39, 439, -5
3, 40, 1091, -12
3, 41, 626, 17
3, 42, 965, 0
3, 43, 1321, -10
3, 44, 1681, 0
3, 45, 880, -4
3, 46, 1003, -9
3, 47, 1597, -3
3, 48, 908, -4
3, 49, 473, 12
3, 50, 848, 35
3, 51, 1515, 8
3, 52, 1051, 4
3, 53, 1543, -6
3, 54, 667, 10
3, 55, 1475, 3
3, 56, 683, -13
3, 57, 763, 12
3, 58, 913, 13
3, 59, 826, 29
3, 60, 983, 9
3, 61, 918, 6
3, 62, 952, 37
3, 63, 395, 25
3, 64, 849, -10
3, 65, 747, -21
3, 66, 1734, -4
3, 67, 616, 3
3, 68, 742, 6
3, 69, 518, 20
3, 70, 1542, -2
3, 71, 1424, -10
3, 72, 1110, -5
3, 73, 869, -3
4, 5, 1672, 0
4, 6, 1418, 0
4, 7, 2093, 3
4, 8, 1186, -2
4, 9, 613, 14
4, 10, 302, 8
4, 11, 1210, -5
4, 12, 713, -3
4, 13, 595, 2
4, 14, 1500, 5
4, 15, 35, -4
4, 16, 1037, -1
4, 17, 258, 7
4, 18, 683, 0
4, 19, 1491, -5
4, 20, 1736, 1
4, 21, 262, 7
4, 22, 161, -14
4, 23, 432, -6
4, 24, 343, 9
4, 25, 2327, -1
4, 26, 578, -7
4, 27, 282, -11
4, 28, 423, 4
4, 29, 1248, 14
4, 30, 947, -4
4, 31, 851, -3
4, 32, 167, 19
4, 33, 949, 3
4, 34, 493, -1
4, 35, 2310, 0
4, 36, 2304, -3
4, 37, 1064, -2
4, 38, 2307, 13
4, 39, 1450, -2
4, 40, 402, -6
4, 41, 2025, 5
4, 42, 509, 5
4, 43, 363, 3
4, 44, 974, 5
4, 45, 642, 13
4, 46, 2343, 3
4, 47, 174, 9
4, 48, 1446, 0
4, 49, 1167, 9
4, 50, 2298, 7
4, 51, 792, 5
4, 52, 988, 0
4, 53, 92, 3
4, 54, 2022, 3
4, 55, 860, 3
4, 56, 930, 0
4, 57, 2203, 1
4, 58, 2381, 9
4, 59, 2261, 1
4, 60, 2453, 2
4, 61, 2388, -2
4, 62, 2424, 3
4, 63, 1130, 1
4, 64, 783, 3
4, 65, 744, 5
4, 66, 357, 8
4, 67, 1236, 8
4, 68, 1347, 1
4, 69, 1077, 0
4, 70, 178, 8
4, 71, 267, -10
4, 72, 405, 7
4, 73, 1526, -1
5, 6, 612, 15
5, 7, 475, 26
5, 8, 591, 16
5, 9, 1119, -14
5, 10, 1421, -5
5, 11, 588, 16
5, 12, 1075, -6
5, 13, 1117, -13
5, 14, 339, -29
5, 15, 1651, -3
5, 16, 714, -21
5, 17, 1558, -10
5, 18, 1484, -7
5, 19, 286, -49
5, 20, 228, 25
5, 21, 1585, -19
5, 22, 1800, 1
5, 23, 1246, -4
5, 24, 1336, 0
5, 25, 735, 25
5, 26, 1266, -15
5, 27, 1508, -10
5, 28, 1248, -3
5, 29, 747, 26
5, 30, 977, -2
5, 31, 1512, 4
5, 32, 1809, -3
5, 33, 731, -15
5, 34, 1181, -2
5, 35, 681, 10
5, 36, 1160, 1
5, 37, 672, -15
5, 38, 658, 87
5, 39, 293, 4
5, 40, 1322, -20
5, 41, 353, 42
5, 42, 1169, -1
5, 43, 1455, -2
5, 44, 1681, 1
5, 45, 1141, -7
5, 46, 1098, -2
5, 47, 1815, 2
5, 48, 734, 4
5, 49, 522, 17
5, 50, 639, 15
5, 51, 1547, 14
5, 52, 1034, -4
5, 53, 1751, 0
5, 54, 359, 25
5, 55, 1489, 5
5, 56, 992, -10
5, 57, 540, 16
5, 58, 844, 22
5, 59, 593, 67
5, 60, 895, -3
5, 61, 834, 16
5, 62, 851, 1
5, 63, 543, -18
5, 64, 946, -11
5, 65, 928, -3
5, 66, 1969, -4
5, 67, 559, 14
5, 68, 610, 9
5, 69, 606, -19
5, 70, 1709, 3
5, 71, 1573, -5
5, 72, 1351, -9
5, 73, 663, 1
6, 7, 1063, 12
6, 8, 283, -40
6, 9, 1044, -5
6, 10, 1256, -3
6, 11, 251, -50
6, 12, 1067, 2
6, 13, 824, -8
6, 14, 798, -10
6, 15, 1387, -1
6, 16, 829, -15
6, 17, 1226, -1
6, 18, 1010, 1
6, 19, 732, -5
6, 20, 486, 15
6, 21, 1431, 2
6, 22, 1572, 2
6, 23, 1000, -10
6, 24, 1139, -12
6, 25, 1319, -10
6, 26, 879, -8
6, 27, 1179, -7
6, 28, 1042, 5
6, 29, 189, -12
6, 30, 1110, -8
6, 31, 988, -3
6, 32, 1580, -1
6, 33, 702, -9
6, 34, 952, -9
6, 35, 1245, 5
6, 36, 1759, -5
6, 37, 790, -8
6, 38, 1201, 5
6, 39, 346, -30
6, 40, 1183, -5
6, 41, 866, 31
6, 42, 1001, -2
6, 43, 1106, -2
6, 44, 1130, 6
6, 45, 1105, 1
6, 46, 1706, -2
6, 47, 1587, -5
6, 48, 130, 23
6, 49, 426, -10
6, 50, 1168, 0
6, 51, 1037, 0
6, 52, 518, 6
6, 53, 1509, -11
6, 54, 808, 8
6, 55, 963, 1
6, 56, 1116, -4
6, 57, 1069, 12
6, 58, 1442, -1
6, 59, 1103, 0
6, 60, 1485, -2
6, 61, 1428, -2
6, 62, 1436, 4
6, 63, 572, -18
6, 64, 641, -18
6, 65, 784, -2
6, 66, 1764, -1
6, 67, 241, -26
6, 68, 75, 0
6, 69, 485, -25
6, 70, 1391, 5
6, 71, 1234, -4
6, 72, 1227, -1
6, 73, 126, 8
7, 8, 1067, -16
7, 9, 1504, 1
7, 10, 1820, -6
7, 11, 1064, -11
7, 12, 1435, -6
7, 13, 1569, 2
7, 14, 603, -25
7, 15, 2075, -8
7, 16, 1072, -8
7, 17, 2005, 2
7, 18, 1958, 4
7, 19, 602, -17
7, 20, 588, -21
7, 21, 1972, -6
7, 22, 2207, 0
7, 23, 1680, -6
7, 24, 1750, -1
7, 25, 260, -68
7, 26, 1730, -4
7, 27, 1955, -6
7, 28, 1671, -5
7, 29, 1215, -13
7, 30, 1277, -6
7, 31, 1988, -5
7, 32, 2217, -1
7, 33, 1145, -10
7, 34, 1614, -8
7, 35, 217, -58
7, 36, 853, 2
7, 37, 1038, -11
7, 38, 223, 24
7, 39, 768, -25
7, 40, 1717, -7
7, 41, 243, 79
7, 42, 1584, -7
7, 43, 1909, -1
7, 44, 2156, 1
7, 45, 1507, 3
7, 46, 751, 0
7, 47, 2223, -2
7, 48, 1172, 0
7, 49, 985, -9
7, 50, 232, 21
7, 51, 2022, -2
7, 52, 1509, -2
7, 53, 2166, 1
7, 54, 338, 12
7, 55, 1965, 0
7, 56, 1295, 5
7, 57, 179, 45
7, 58, 380, -40
7, 59, 240, -3
7, 60, 423, -6
7, 61, 364, -31
7, 62, 376, -11
7, 63, 973, -13
7, 64, 1407, -8
7, 65, 1354, -3
7, 66, 2362, -2
7, 67, 1035, -6
7, 68, 1073, -15
7, 69, 1062, -10
7, 70, 2149, -1
7, 71, 2021, 3
7, 72, 1738, -6
7, 73, 1086, -6
8, 9, 765, 12
8, 10, 995, -4
8, 11, 31, 60
8, 12, 784, -6
8, 13, 592, 0
8, 14, 647, -10
8, 15, 1159, -1
8, 16, 560, -3
8, 17, 1023, -1
8, 18, 895, 7
8, 19, 590, -10
8, 20, 572, 6
8, 21, 1171, -9
8, 22, 1334, -2
8, 23, 757, -10
8, 24, 884, -5
8, 25, 1326, 7
8, 26, 698, 4
8, 27, 973, -5
8, 28, 787, -3
8, 29, 240, 15
8, 30, 833, 0
8, 31, 922, 7
8, 32, 1343, 5
8, 33, 420, -18
8, 34, 701, 0
8, 35, 1272, 13
8, 36, 1644, -11
8, 37, 524, -12
8, 38, 1244, 49
8, 39, 304, 7
8, 40, 916, -2
8, 41, 919, 17
8, 42, 735, -8
8, 43, 909, -7
8, 44, 1094, 5
8, 45, 823, -6
8, 46, 1613, -2
8, 47, 1349, 0
8, 48, 383, 7
8, 49, 170, -42
8, 50, 1220, 2
8, 51, 955, -2
8, 52, 448, 6
8, 53, 1274, -5
8, 54, 888, 8
8, 55, 899, -1
8, 56, 838, -8
8, 57, 1119, 12
8, 58, 1429, 20
8, 59, 1166, 4
8, 60, 1484, -4
8, 61, 1422, 2
8, 62, 1441, -1
8, 63, 314, -17
8, 64, 405, -16
8, 65, 508, -14
8, 66, 1522, -2
8, 67, 50, 63
8, 68, 210, 37
8, 69, 206, -23
8, 70, 1184, 4
8, 71, 1034, -5
8, 72, 958, -8
8, 73, 410, 6
9, 10, 320, -62
9, 11, 796, 2
9, 12, 117, -93
9, 13, 396, -22
9, 14, 902, 14
9, 15, 603, 2
9, 16, 432, -6
9, 17, 626, -15
9, 18, 866, -4
9, 19, 902, 3
9, 20, 1230, -10
9, 21, 469, -77
9, 22, 707, 5
9, 23, 317, -70
9, 24, 282, -120
9, 25, 1727, 1
9, 26, 585, -10
9, 27, 587, -38
9, 28, 251, -113
9, 29, 929, 9
9, 30, 358, -6
9, 31, 1010, 3
9, 32, 717, -5
9, 33, 395, -15
9, 34, 277, -34
9, 35, 1719, -3
9, 36, 1700, -11
9, 37, 465, 2
9, 38, 1723, 14
9, 39, 951, 0
9, 40, 215, -66
9, 41, 1466, 6
9, 42, 167, -14
9, 43, 592, -19
9, 44, 1195, 9
9, 45, 80, -74
9, 46, 1734, -14
9, 47, 722, 9
9, 48, 1122, -4
9, 49, 674, -10
9, 50, 1719, 12
9, 51, 988, 1
9, 52, 824, -4
9, 53, 673, -8
9, 54, 1478, -4
9, 55, 1003, -5
9, 56, 344, -59
9, 57, 1628, 5
9, 58, 1773, 6
9, 59, 1690, 16
9, 60, 1847, -6
9, 61, 1782, 2
9, 62, 1821, 12
9, 63, 586, -14
9, 64, 473, -19
9, 65, 261, -26
9, 66, 858, -12
9, 67, 813, -12
9, 68, 969, -11
9, 69, 588, -16
9, 70, 719, -10
9, 71, 646, -6
9, 72, 234, -80
9, 73, 1170, -9
10, 11, 1023, 11
10, 12, 413, 63
10, 13, 456, 10
10, 14, 1220, -3
10, 15, 300, 1
10, 16, 751, 12
10, 17, 401, 7
10, 18, 767, 3
10, 19, 1218, 19
10, 20, 1511, 1
10, 21, 176, -628
10, 22, 388, 28
10, 23, 277, 32
10, 24, 123, 110
10, 25, 2047, 13
10, 26, 549, 17
10, 27, 383, 59
10, 28, 216, 56
10, 29, 1108, 11
10, 30, 644, 20
10, 31, 933, 7
10, 32, 398, 7
10, 33, 690, 3
10, 34, 308, 22
10, 35, 2036, 6
10, 36, 2001, -53
10, 37, 783, -3
10, 38, 2038, 38
10, 39, 1226, 5
10, 40, 104, 6
10, 41, 1772, 10
10, 42, 261, -7
10, 43, 429, -1
10, 44, 1094, 23
10, 45, 340, 31
10, 46, 2042, -8
10, 47, 403, 26
10, 48, 1308, -3
10, 49, 942, -4
10, 50, 2033, 10
10, 51, 890, 36
10, 52, 912, 0
10, 53, 354, 14
10, 54, 1778, 2
10, 55, 934, -3
10, 56, 627, 178
10, 57, 1940, 3
10, 58, 2093, 5
10, 59, 2001, 13
10, 60, 2167, 7
10, 61, 2102, 5
10, 62, 2141, 28
10, 63, 879, 4
10, 64, 620, 4
10, 65, 503, 2
10, 66, 547, 8
10, 67, 1046, 11
10, 68, 1181, -2
10, 69, 851, 6
10, 70, 440, 9
10, 71, 422, 15
10, 72, 103, 211
10, 73, 1375, -2
11, 12, 816, -1
11, 13, 615, -2
11, 14, 660, -22
11, 15, 1182, -5
11, 16, 590, -21
11, 17, 1043, -11
11, 18, 903, -6
11, 19, 602, -8
11, 20, 557, -3
11, 21, 1199, -8
11, 22, 1359, -2
11, 23, 782, -4
11, 24, 911, -2
11, 25, 1324, -3
11, 26, 714, -6
11, 27, 994, -2
11, 28, 814, -6
11, 29, 217, -18
11, 30, 863, -1
11, 31, 924, -4
11, 32, 1367, -1
11, 33, 451, -19
11, 34, 728, -12
11, 35, 1267, 10
11, 36, 1655, -14
11, 37, 553, -17
11, 38, 1238, 8
11, 39, 297, 4
11, 40, 944, -10
11, 41, 910, 21
11, 42, 764, -6
11, 43, 928, -7
11, 44, 1094, 3
11, 45, 854, -5
11, 46, 1622, -1
11, 47, 1374, 3
11, 48, 352, 3
11, 49, 195, -82
11, 50, 1212, 0
11, 51, 960, -7
11, 52, 446, -1
11, 53, 1299, -7
11, 54, 876, 8
11, 55, 901, -2
11, 56, 869, -15
11, 57, 1111, 9
11, 58, 1429, 6
11, 59, 1157, 1
11, 60, 1483, -4
11, 61, 1421, 1
11, 62, 1439, -8
11, 63, 341, -36
11, 64, 428, -32
11, 65, 538, -31
11, 66, 1547, -4
11, 67, 29, 25
11, 68, 178, 17
11, 69, 236, -61
11, 70, 1205, -4
11, 71, 1054, -2
11, 72, 987, -9
11, 73, 378, -6
12, 13, 497, 13
12, 14, 832, 11
12, 15, 707, 7
12, 16, 366, 26
12, 17, 742, 8
12, 18, 978, -2
12, 19, 839, 17
12, 20, 1205, 5
12, 21, 541, -37
12, 22, 794, 11
12, 23, 433, 1
12, 24, 394, 19
12, 25, 1651, 6
12, 26, 694, -1
12, 27, 704, 14
12, 28, 369, 13
12, 29, 971, 16
12, 30, 242, 52
12, 31, 1119, 5
12, 32, 804, -1
12, 33, 380, 13
12, 34, 390, 11
12, 35, 1648, 2
12, 36, 1592, -1
12, 37, 405, 9
12, 38, 1657, 26
12, 39, 935, 0
12, 40, 311, 9
12, 41, 1414, 9
12, 42, 283, -27
12, 43, 709, 9
12, 44, 1306, 18
12, 45, 73, 45
12, 46, 1629, -4
12, 47, 809, 12
12, 48, 1155, -5
12, 49, 671, 16
12, 50, 1656, 11
12, 51, 1099, 8
12, 52, 901, -2
12, 53, 767, 14
12, 54, 1434, 1
12, 55, 1110, 3
12, 56, 227, -79
12, 57, 1568, -2
12, 58, 1689, 2
12, 59, 1631, 15
12, 60, 1764, 6
12, 61, 1700, -1
12, 62, 1740, 11
12, 63, 563, 2
12, 64, 544, 0
12, 65, 310, 31
12, 66, 931, 0
12, 67, 830, 10
12, 68, 993, -4
12, 69, 592, 12
12, 70, 830, -5
12, 71, 763, 1
12, 72, 315, -23
12, 73, 1194, -4
13, 14, 1015, 9
13, 15, 567, 12
13, 16, 617, 10
13, 17, 441, -13
13, 18, 499, 10
13, 19, 988, 4
13, 20, 1154, -4
13, 21, 625, 0
13, 22, 748, -18
13, 23, 181, -28
13, 24, 333, -16
13, 25, 1818, 7
13, 26, 210, 22
13, 27, 390, -17
13, 28, 242, -15
13, 29, 662, 38
13, 30, 704, -3
13, 31, 626, 13
13, 32, 756, 1
13, 33, 458, 9
13, 34, 152, -1
13, 35, 1785, 3
13, 36, 1945, 3
13, 37, 623, 4
13, 38, 1772, 26
13, 39, 870, 1
13, 40, 412, -20
13, 41, 1468, 10
13, 42, 252, -6
13, 43, 339, 7
13, 44, 817, 19
13, 45, 476, -16
13, 46, 1954, -6
13, 47, 763, 3
13, 48, 862, -4
13, 49, 596, 10
13, 50, 1756, 13
13, 51, 614, 36
13, 52, 461, 6
13, 53, 685, 6
13, 54, 1454, 5
13, 55, 616, 11
13, 56, 695, -4
13, 57, 1657, -1
13, 58, 1894, 3
13, 59, 1711, 14
13, 60, 1960, 1
13, 61, 1895, 3
13, 62, 1925, 17
13, 63, 598, 3
13, 64, 187, 36
13, 65, 264, 12
13, 66, 940, 4
13, 67, 642, 13
13, 68, 752, -2
13, 69, 511, 12
13, 70, 596, -3
13, 71, 455, -11
13, 72, 462, -16
13, 73, 936, -14
14, 15, 1484, -5
14, 16, 469, -9
14, 17, 1436, -8
14, 18, 1459, 1
14, 19, 67, -45
14, 20, 557, 0
14, 21, 1369, -24
14, 22, 1608, -11
14, 23, 1101, -7
14, 24, 1157, -6
14, 25, 826, 6
14, 26, 1199, -7
14, 27, 1387, -8
14, 28, 1083, -15
14, 29, 869, 15
14, 30, 684, -13
14, 31, 1525, 3
14, 32, 1618, -4
14, 33, 564, -3
14, 34, 1036, -15
14, 35, 817, 16
14, 36, 997, -1
14, 37, 437, -24
14, 38, 825, 77
14, 39, 457, 2
14, 40, 1117, -15
14, 41, 611, 22
14, 42, 993, -7
14, 43, 1350, -9
14, 44, 1710, 1
14, 45, 904, -4
14, 46, 974, -14
14, 47, 1624, -3
14, 48, 929, 7
14, 49, 501, 13
14, 50, 826, 27
14, 51, 1544, 12
14, 52, 1079, 1
14, 53, 1570, -3
14, 54, 655, 8
14, 55, 1505, 4
14, 56, 701, -20
14, 57, 742, 12
14, 58, 885, 18
14, 59, 806, 43
14, 60, 955, 12
14, 61, 890, 6
14, 62, 924, 15
14, 63, 425, 20
14, 64, 878, 4
14, 65, 775, -26
14, 66, 1759, -2
14, 67, 641, 4
14, 68, 764, 8
14, 69, 547, 7
14, 70, 1570, -5
14, 71, 1453, 0
14, 72, 1136, -24
14, 73, 887, -5
15, 16, 1023, 2
15, 17, 223, 9
15, 18, 649, -3
15, 19, 1474, 5
15, 20, 1711, -1
15, 21, 281, 16
15, 22, 196, -11
15, 23, 407, -3
15, 24, 328, -16
15, 25, 2311, 1
15, 26, 544, -7
15, 27, 247, -1
15, 28, 404, -4
15, 29, 1217, 18
15, 30, 943, -8
15, 31, 817, 15
15, 32, 201, 23
15, 33, 930, 9
15, 34, 470, 6
15, 35, 2292, 2
15, 36, 2299, -5
15, 37, 1049, 9
15, 38, 2288, 16
15, 39, 1425, 1
15, 40, 396, -1
15, 41, 2004, 2
15, 42, 491, 2
15, 43, 328, -8
15, 44, 941, 12
15, 45, 637, -9
15, 46, 2336, 1
15, 47, 208, 35
15, 48, 1414, 0
15, 49, 1143, 2
15, 50, 2278, 8
15, 51, 758, 14
15, 52, 955, -3
15, 53, 125, 13
15, 54, 1999, 3
15, 55, 826, 8
15, 56, 926, -9
15, 57, 2183, 3
15, 58, 2366, 6
15, 59, 2241, 14
15, 60, 2438, 5
15, 61, 2373, 4
15, 62, 2409, 5
15, 63, 1109, 8
15, 64, 754, 7
15, 65, 723, 0
15, 66, 391, 5
15, 67, 1209, -8
15, 68, 1317, 2
15, 69, 1053, -1
15, 70, 157, 3
15, 71, 233, -13
15, 72, 403, -9
15, 73, 1495, -3
16, 17, 999, 0
16, 18, 1107, 4
16, 19, 473, 2
16, 20, 862, -2
16, 21, 899, -5
16, 22, 1140, -9
16, 23, 660, -11
16, 24, 695, -13
16, 25, 1295, 11
16, 26, 823, 2
16, 27, 952, -2
16, 28, 629, 3
16, 29, 791, 27
16, 30, 290, -2
16, 31, 1211, 2
16, 32, 1150, -3
16, 33, 184, 27
16, 34, 597, -13
16, 35, 1287, 1
16, 36, 1329, 5
16, 37, 44, 23
16, 38, 1293, 52
16, 39, 614, 5
16, 40, 648, -12
16, 41, 1049, 3
16, 42, 535, -5
16, 43, 929, -2
16, 44, 1403, 15
16, 45, 436, -13
16, 46, 1344, -6
16, 47, 1155, 6
16, 48, 941, -6
16, 49, 402, 4
16, 50, 1290, 22
16, 51, 1213, 14
16, 52, 853, 2
16, 53, 1103, -2
16, 54, 1071, 8
16, 55, 1195, 5
16, 56, 300, -6
16, 57, 1202, 9
16, 58, 1344, 6
16, 59, 1264, 5
16, 60, 1416, 9
16, 61, 1352, 0
16, 62, 1389, 27
16, 63, 259, 23
16, 64, 541, 16
16, 65, 353, 8
16, 66, 1289, -4
16, 67, 592, 3
16, 68, 763, 9
16, 69, 357, 18
16, 70, 1121, 1
16, 71, 1018, -8
16, 72, 666, -5
16, 73, 952, -3
17, 18, 426, 10
17, 19, 1416, 9
17, 20, 1592, 5
17, 21, 465, 2
17, 22, 413, -10
17, 23, 338, 4
17, 24, 353, 6
17, 25, 2251, 5
17, 26, 352, 6
17, 27, 50, -21
17, 28, 379, -24
17, 29, 1047, 12
17, 30, 984, 2
17, 31, 594, 9
17, 32, 417, 15
17, 33, 871, 9
17, 34, 402, -11
17, 35, 2222, 2
17, 36, 2316, -8
17, 37, 1016, 4
17, 38, 2211, 11
17, 39, 1309, 4
17, 40, 463, -4
17, 41, 1909, 6
17, 42, 473, 3
17, 43, 122, 21
17, 44, 727, 21
17, 45, 682, 10
17, 46, 2340, 0
17, 47, 424, 12
17, 48, 1238, 1
17, 49, 1037, 15
17, 50, 2196, 8
17, 51, 538, 34
17, 52, 761, 1
17, 53, 341, 18
17, 54, 1895, 4
17, 55, 602, 6
17, 56, 969, -4
17, 57, 2098, 5
17, 58, 2321, 3
17, 59, 2152, 2
17, 60, 2389, 5
17, 61, 2324, 0
17, 62, 2355, 3
17, 63, 1032, 8
17, 64, 621, 0
17, 65, 660, 4
17, 66, 603, 11
17, 67, 1072, 10
17, 68, 1160, 7
17, 69, 952, 3
17, 70, 164, 13
17, 71, 21, 13
17, 72, 493, -18
17, 73, 1326, 1
18, 19, 1420, -2
18, 20, 1454, 4
18, 21, 874, -11
18, 22, 834, -3
18, 23, 556, -11
18, 24, 670, -7
18, 25, 2216, 0
18, 26, 289, -33
18, 27, 412, -13
18, 28, 633, -4
18, 29, 820, 6
18, 30, 1199, -1
18, 31, 169, 10
18, 32, 837, 0
18, 33, 935, 2
18, 34, 589, 0
18, 35, 2166, -4
18, 36, 2425, -13
18, 37, 1107, -1
18, 38, 2140, 0
18, 39, 1200, 2
18, 40, 788, -5
18, 41, 1814, 2
18, 42, 700, -12
18, 43, 343, -9
18, 44, 333, 22
18, 45, 942, -2
18, 46, 2423, -3
18, 47, 843, 4
18, 48, 979, -3
18, 49, 979, -4
18, 50, 2116, 3
18, 51, 125, 1
18, 52, 491, 4
18, 53, 763, 6
18, 54, 1778, 1
18, 55, 176, 8
18, 56, 1189, -2
18, 57, 2015, -1
18, 58, 2310, 0
18, 59, 2060, 3
18, 60, 2370, 2
18, 61, 2306, 2
18, 62, 2329, 6
18, 63, 1034, 5
18, 64, 583, 1
18, 65, 760, -1
18, 66, 1017, 1
18, 67, 933, 3
18, 68, 959, -4
18, 69, 915, 3
18, 70, 550, -11
18, 71, 416, -13
18, 72, 831, -8
18, 73, 1080, -3
19, 20, 497, -14
19, 21, 1371, -7
19, 22, 1605, -5
19, 23, 1084, -14
19, 24, 1148, -22
19, 25, 837, 7
19, 26, 1167, 2
19, 27, 1366, 3
19, 28, 1071, -3
19, 29, 808, 20
19, 30, 709, -17
19, 31, 1481, 4
19, 32, 1615, -5
19, 33, 546, -4
19, 34, 1018, -13
19, 35, 818, 6
19, 36, 1053, -19
19, 37, 437, 8
19, 38, 821, 71
19, 39, 390, -10
19, 40, 1115, -14
19, 41, 583, 10
19, 42, 983, -7
19, 43, 1326, -4
19, 44, 1664, 8
19, 45, 910, -13
19, 46, 1024, -8
19, 47, 1620, -1
19, 48, 863, 0
19, 49, 452, 8
19, 50, 817, 40
19, 51, 1503, 8
19, 52, 1028, 4
19, 53, 1563, -8
19, 54, 619, 3
19, 55, 1460, 4
19, 56, 725, -23
19, 57, 728, 7
19, 58, 906, 7
19, 59, 791, 37
19, 60, 973, 14
19, 61, 908, 3
19, 62, 939, 34
19, 63, 391, 4
19, 64, 844, -2
19, 65, 757, 13
19, 66, 1761, -4
19, 67, 582, 8
19, 68, 700, -6
19, 69, 505, 6
19, 70, 1554, -5
19, 71, 1432, -2
19, 72, 1137, -9
19, 73, 821, -6
20, 21, 1683, 5
20, 22, 1876, 3
20, 23, 1304, 1
20, 24, 1414, 0
20, 25, 838, -7
20, 26, 1271, 4
20, 27, 1541, 2
20, 28, 1320, 4
20, 29, 656, -2
20, 30, 1143, -4
20, 31, 1456, -2
20, 32, 1885, 0
20, 33, 834, 0
20, 34, 1243, 7
20, 35, 759, -10
20, 36, 1360, -2
20, 37, 818, -12
20, 38, 715, 15
20, 39, 286, -35
20, 40, 1419, -2
20, 41, 379, 58
20, 42, 1251, -9
20, 43, 1480, 2
20, 44, 1609, 1
20, 45, 1264, 1
20, 46, 1286, 4
20, 47, 1891, 3
20, 48, 587, -7
20, 49, 571, -5
20, 50, 682, 0
20, 51, 1499, -5
20, 52, 975, 0
20, 53, 1821, 4
20, 54, 326, 17
20, 55, 1431, -1
20, 56, 1156, 4
20, 57, 582, 21
20, 58, 968, -2
20, 59, 618, 5
20, 60, 1005, 7
20, 61, 950, -12
20, 62, 955, 5
20, 63, 644, -12
20, 64, 970, -7
20, 65, 1008, -1
20, 66, 2055, 2
20, 67, 527, -14
20, 68, 510, -7
20, 69, 662, -10
20, 70, 1750, -2
20, 71, 1603, 9
20, 72, 1453, 3
20, 73, 498, 5
21, 22, 268, 17
21, 23, 444, 16
21, 24, 294, 111
21, 25, 2191, 13
21, 26, 692, 10
21, 27, 465, 42
21, 28, 390, 6
21, 29, 1282, 43
21, 30, 750, 20
21, 31, 1044, 13
21, 32, 277, 5
21, 33, 855, 24
21, 34, 482, 11
21, 35, 2186, 7
21, 36, 2098, -1779
21, 37, 933, 13
21, 38, 2192, 52
21, 39, 1398, 4
21, 40, 264, -2
21, 41, 1934, 18
21, 42, 436, 5
21, 43, 531, 14
21, 44, 1189, 31
21, 45, 467, 28
21, 46, 2148, 9
21, 47, 280, 13
21, 48, 1483, 3
21, 49, 1114, 6
21, 50, 2188, 30
21, 51, 994, 36
21, 52, 1075, 7
21, 53, 265, 19
21, 54, 1943, 12
21, 55, 1048, 15
21, 56, 732, 144
21, 57, 2097, 4
21, 58, 2231, 15
21, 59, 2159, 28
21, 60, 2305, 12
21, 61, 2241, 15
21, 62, 2282, 43
21, 63, 1046, 6
21, 64, 794, 18
21, 65, 676, 11
21, 66, 390, 7
21, 67, 1222, 14
21, 68, 1357, 5
21, 69, 1024, 13
21, 70, 438, 2
21, 71, 481, 9
21, 72, 234, 153
21, 73, 1550, -2
22, 23, 577, 3
22, 24, 464, -5
22, 25, 2435, 1
22, 26, 739, -7
22, 27, 442, -1
22, 28, 555, -4
22, 29, 1406, 11
22, 30, 1014, -1
22, 31, 999, -2
22, 32, 10, 22
22, 33, 1070, 8
22, 34, 634, -3
22, 35, 2423, 1
22, 36, 2365, -8
22, 37, 1171, 3
22, 38, 2425, 13
22, 39, 1589, 2
22, 40, 492, 4
22, 41, 2152, 5
22, 42, 630, 8
22, 43, 524, -15
22, 44, 1109, 12
22, 45, 721, -17
22, 46, 2414, -1
22, 47, 15, 49
22, 48, 1604, -4
22, 49, 1305, -2
22, 50, 2418, 5
22, 51, 937, 7
22, 52, 1150, 3
22, 53, 71, 31
22, 54, 2154, -3
22, 55, 1009, 2
22, 56, 995, -12
22, 57, 2325, 1
22, 58, 2481, 1
22, 59, 2384, 8
22, 60, 2554, 3
22, 61, 2490, -1
22, 62, 2529, 4
22, 63, 1257, -2
22, 64, 934, 1
22, 65, 872, 7
22, 66, 196, 30
22, 67, 1385, 0
22, 68, 1501, 1
22, 69, 1214, -3
22, 70, 294, 6
22, 71, 419, 7
22, 72, 479, -29
22, 73, 1683, 1
23, 24, 154, -31
23, 25, 1922, 7
23, 26, 293, 30
23, 27, 292, 3
23, 28, 79, 57
23, 29, 843, 40
23, 30, 669, -3
23, 31, 710, 11
23, 32, 586, -2
23, 33, 538, 10
23, 34, 65, 36
23, 35, 1897, 1
23, 36, 1981, 3
23, 37, 678, -3
23, 38, 1890, 19
23, 39, 1017, 1
23, 40, 251, 7
23, 41, 1599, 5
23, 42, 150, 12
23, 43, 279, 14
23, 44, 889, 22
23, 45, 389, -4
23, 46, 2003, 1
23, 47, 592, 22
23, 48, 1043, -8
23, 49, 735, 7
23, 50, 1878, 11
23, 51, 680, 8
23, 52, 634, 1
23, 53, 518, 13
23, 54, 1592, 5
23, 55, 705, 4
23, 56, 656, -12
23, 57, 1781, 5
23, 58, 1987, 5
23, 59, 1838, 14
23, 60, 2056, 6
23, 61, 1991, 4
23, 62, 2024, 12
23, 63, 708, 11
23, 64, 359, 17
23, 65, 326, 6
23, 66, 766, 4
23, 67, 807, 19
23, 68, 927, 10
23, 69, 646, 17
23, 70, 470, -1
23, 71, 357, 19
23, 72, 300, -22
23, 73, 1115, -4
24, 25, 1984, -2
24, 26, 434, 13
24, 27, 321, 4
24, 28, 97, 29
24, 29, 988, 6
24, 30, 636, 11
24, 31, 832, 1
24, 32, 474, 4
24, 33, 608, 4
24, 34, 188, 10
24, 35, 1967, 3
24, 36, 1983, -8
24, 37, 721, -2
24, 38, 1966, 16
24, 39, 1127, -3
24, 40, 119, 6
24, 41, 1688, 10
24, 42, 167, 25
24, 43, 347, 9
24, 44, 1002, 1
24, 45, 331, 4
24, 46, 2016, -5
24, 47, 480, 7
24, 48, 1189, 0
24, 49, 842, 2
24, 50, 1957, 14
24, 51, 795, 15
24, 52, 789, 0
24, 53, 416, 14
24, 54, 1689, 2
24, 55, 831, 9
24, 56, 621, -31
24, 57, 1863, 2
24, 58, 2038, 0
24, 59, 1922, 2
24, 60, 2110, 5
24, 61, 2045, -1
24, 62, 2081, 11
24, 63, 792, 3
24, 64, 500, 11
24, 65, 408, 5
24, 66, 641, 12
24, 67, 935, 2
24, 68, 1065, 1
24, 69, 751, 6
24, 70, 436, 7
24, 71, 374, 19
24, 72, 161, -83
24, 73, 1257, 1
25, 26, 1984, 0
25, 27, 2201, -4
25, 28, 1908, -1
25, 29, 1474, 2
25, 30, 1473, -7
25, 31, 2248, -4
25, 32, 2445, 1
25, 33, 1384, -14
25, 34, 1856, -4
25, 35, 109, 38
25, 36, 750, -20
25, 37, 1264, -8
25, 38, 186, 106
25, 39, 1028, -2
25, 40, 1943, 1
25, 41, 467, 32
25, 42, 1819, 0
25, 43, 2158, -4
25, 44, 2416, 1
25, 45, 1724, 0
25, 46, 624, -11
25, 47, 2450, 4
25, 48, 1425, 5
25, 49, 1241, -6
25, 50, 236, 20
25, 51, 2282, -1
25, 52, 1769, -3
25, 53, 2397, -4
25, 54, 550, -8
25, 55, 2225, 0
25, 56, 1491, -9
25, 57, 292, 20
25, 58, 149, 49
25, 59, 305, -1
25, 60, 168, 9
25, 61, 120, 4
25, 62, 117, -49
25, 63, 1220, -13
25, 64, 1660, -1
25, 65, 1595, 2
25, 66, 2582, 0
25, 67, 1295, 0
25, 68, 1331, 7
25, 69, 1315, -13
25, 70, 2392, 1
25, 71, 2267, 1
25, 72, 1960, -2
25, 73, 1335, 6
26, 27, 308, -17
26, 28, 373, -5
26, 29, 697, 28
26, 30, 911, -3
26, 31, 425, 19
26, 32, 745, -9
26, 33, 657, -12
26, 34, 311, 3
26, 35, 1944, 5
26, 36, 2148, -13
26, 37, 826, 0
26, 38, 1924, 18
26, 39, 997, 10
26, 40, 542, -9
26, 41, 1609, 3
26, 42, 424, -12
26, 43, 229, -24
26, 44, 611, 10
26, 45, 664, -15
26, 46, 2152, -3
26, 47, 753, 9
26, 48, 886, 1
26, 49, 745, 6
26, 50, 1905, 11
26, 51, 406, 32
26, 52, 411, 4
26, 53, 670, -5
26, 54, 1585, 4
26, 55, 417, 17
26, 56, 901, 2
26, 57, 1804, 0
26, 58, 2069, 15
26, 59, 1855, 16
26, 60, 2132, 3
26, 61, 2068, 2
26, 62, 2094, 14
26, 63, 776, 7
26, 64, 324, 2
26, 65, 472, -13
26, 66, 935, -2
26, 67, 744, 4
26, 68, 815, 0
26, 69, 669, 20
26, 70, 516, -2
26, 71, 357, 8
26, 72, 590, -32
26, 73, 975, -12
27, 28, 337, -14
27, 29, 1000, 23
27, 30, 945, 13
27, 31, 582, 15
27, 32, 447, 8
27, 33, 823, 6
27, 34, 355, 33
27, 35, 2172, 5
27, 36, 2272, -17
27, 37, 969, -6
27, 38, 2160, 22
27, 39, 1259, 2
27, 40, 436, -26
27, 41, 1859, 13
27, 42, 431, 4
27, 43, 82, 3
27, 44, 724, 22
27, 45, 647, -5
27, 46, 2295, -7
27, 47, 454, 20
27, 48, 1193, -4
27, 49, 987, -4
27, 50, 2146, 17
27, 51, 529, 22
27, 52, 719, 2
27, 53, 371, 14
27, 54, 1844, 3
27, 55, 588, 11
27, 56, 931, -11
27, 57, 2047, 1
27, 58, 2271, 3
27, 59, 2102, 10
27, 60, 2339, 6
27, 61, 2274, 2
27, 62, 2306, 17
27, 63, 982, 13
27, 64, 571, 17
27, 65, 612, 17
27, 66, 635, 14
27, 67, 1022, 2
27, 68, 1112, 1
27, 69, 901, 8
27, 70, 212, 16
27, 71, 66, 17
27, 72, 468, 0
27, 73, 1279, -5
28, 29, 892, 32
28, 30, 609, 9
28, 31, 789, 3
28, 32, 564, 6
28, 33, 526, 18
28, 34, 92, 21
28, 35, 1888, -2
28, 36, 1938, 6
28, 37, 652, 13
28, 38, 1884, 15
28, 39, 1033, -6
28, 40, 174, 2
28, 41, 1602, 4
28, 42, 95, 14
28, 43, 340, 11
28, 44, 966, 19
28, 45, 318, -6
28, 46, 1964, 1
28, 47, 571, 12
28, 48, 1092, -3
28, 49, 749, 4
28, 50, 1874, 19
28, 51, 758, 35
28, 52, 702, 7
28, 53, 503, 16
28, 54, 1600, 1
28, 55, 784, 12
28, 56, 595, -21
28, 57, 1779, 2
28, 58, 1967, -1
28, 59, 1837, 14
28, 60, 2038, 7
28, 61, 1973, -2
28, 62, 2008, 10
28, 63, 706, 8
28, 64, 404, 18
28, 65, 320, 24
28, 66, 736, 3
28, 67, 838, 11
28, 68, 968, 5
28, 69, 658, 3
28, 70, 491, 10
28, 71, 399, 16
28, 72, 223, -27
28, 73, 1160, -5
29, 30, 1052, -20
29, 31, 803, -10
29, 32, 1413, -3
29, 33, 635, -14
29, 34, 800, -20
29, 35, 1406, 1
29, 36, 1858, -35
29, 37, 758, -23
29, 38, 1368, 31
29, 39, 457, -8
29, 40, 1044, -14
29, 41, 1033, 12
29, 42, 862, -38
29, 43, 925, -12
29, 44, 952, 2
29, 45, 997, -7
29, 46, 1817, -1
29, 47, 1420, -3
29, 48, 200, -12
29, 49, 410, -73
29, 50, 1337, -4
29, 51, 850, -10
29, 52, 328, 8
29, 53, 1340, -21
29, 54, 982, 2
29, 55, 778, -11
29, 56, 1055, -24
29, 57, 1237, 7
29, 58, 1590, 2
29, 59, 1275, -4
29, 60, 1638, -6
29, 61, 1579, -1
29, 62, 1591, -5
29, 63, 553, -41
29, 64, 488, -52
29, 65, 669, -31
29, 66, 1600, -1
29, 67, 230, -8
29, 68, 146, -2
29, 69, 434, -70
29, 70, 1211, -6
29, 71, 1053, -23
29, 72, 1091, -13
29, 73, 279, -13
30, 31, 1331, 0
30, 32, 1023, 1
30, 33, 417, -11
30, 34, 620, -2
30, 35, 1483, 3
30, 36, 1356, -8
30, 37, 333, 2
30, 38, 1501, 29
30, 39, 904, -8
30, 40, 546, 1
30, 41, 1292, 6
30, 42, 519, -5
30, 43, 947, -4
30, 44, 1521, 6
30, 45, 307, -7
30, 46, 1400, -1
30, 47, 1027, 6
30, 48, 1216, -9
30, 49, 685, 1
30, 50, 1506, 11
30, 51, 1317, 9
30, 52, 1052, -6
30, 53, 993, 11
30, 54, 1326, 1
30, 55, 1320, 6
30, 56, 18, -51
30, 57, 1425, -4
30, 58, 1497, 11
30, 59, 1490, 15
30, 60, 1573, 5
30, 61, 1511, 1
30, 62, 1554, 14
30, 63, 546, -4
30, 64, 704, 2
30, 65, 466, 12
30, 66, 1131, 2
30, 67, 869, 12
30, 68, 1040, -6
30, 69, 627, 6
30, 70, 1070, 6
30, 71, 1005, 4
30, 72, 542, -13
30, 73, 1235, -6
31, 32, 1001, 2
31, 33, 1031, -3
31, 34, 735, -11
31, 35, 2191, 0
31, 36, 2508, -15
31, 37, 1206, -8
31, 38, 2159, 11
31, 39, 1221, 0
31, 40, 949, -10
31, 41, 1827, 2
31, 42, 848, -16
31, 43, 513, -10
31, 44, 192, 17
31, 45, 1089, -6
31, 46, 2498, -3
31, 47, 1008, 4
31, 48, 936, 2
31, 49, 1030, -3
31, 50, 2131, -3
31, 51, 70, -38
31, 52, 482, -1
31, 53, 929, -8
31, 54, 1782, 4
31, 55, 25, 9
31, 56, 1322, -5
31, 57, 2030, 3
31, 58, 2351, 4
31, 59, 2072, 5
31, 60, 2407, -1
31, 61, 2344, -2
31, 62, 2363, 1
31, 63, 1106, 0
31, 64, 672, -25
31, 65, 876, -12
31, 66, 1178, 0
31, 67, 953, 7
31, 68, 948, 6
31, 69, 978, -7
31, 70, 710, 3
31, 71, 583, -20
31, 72, 994, -11
31, 73, 1040, 1
32, 33, 1080, -4
32, 34, 643, -7
32, 35, 2433, 2
32, 36, 2375, -3
32, 37, 1180, 0
32, 38, 2435, 7
32, 39, 1598, -2
32, 40, 502, 1
32, 41, 2162, 1
32, 42, 640, 1
32, 43, 528, 4
32, 44, 1110, 11
32, 45, 731, 2
32, 46, 2424, -2
32, 47, 7, 6
32, 48, 1611, -1
32, 49, 1314, -1
32, 50, 2428, -2
32, 51, 939, -1
32, 52, 1156, 1
32, 53, 76, -6
32, 54, 2163, 1
32, 55, 1012, 1
32, 56, 1005, -2
32, 57, 2334, 2
32, 58, 2491, -1
32, 59, 2394, 2
32, 60, 2564, 4
32, 61, 2500, 2
32, 62, 2539, 5
32, 63, 1266, -1
32, 64, 942, -2
32, 65, 882, -1
32, 66, 189, 1
32, 67, 1393, 6
32, 68, 1509, 3
32, 69, 1223, -1
32, 70, 295, 1
32, 71, 423, -5
32, 72, 489, -9
32, 73, 1690, -4
33, 34, 472, -18
33, 35, 1362, 3
33, 36, 1491, -14
33, 37, 174, 34
33, 38, 1358, 34
33, 39, 558, -7
33, 40, 591, -8
33, 41, 1082, 25
33, 42, 441, -22
33, 43, 788, 1
33, 44, 1224, 16
33, 45, 433, -11
33, 46, 1496, 0
33, 47, 1086, 19
33, 48, 802, -4
33, 49, 291, 20
33, 50, 1349, 27
33, 51, 1036, 9
33, 52, 669, -2
33, 53, 1025, 8
33, 54, 1088, 1
33, 55, 1015, 6
33, 56, 420, -20
33, 57, 1254, 4
33, 58, 1449, 9
33, 59, 1313, 29
33, 60, 1518, 4
33, 61, 1453, 7
33, 62, 1486, 14
33, 63, 191, -16
33, 64, 360, 5
33, 65, 211, 22
33, 66, 1238, 4
33, 67, 460, 11
33, 68, 630, -6
33, 69, 217, 56
33, 70, 1008, 3
33, 71, 889, -16
33, 72, 622, -6
33, 73, 828, 0
34, 35, 1831, -2
34, 36, 1920, -6
34, 37, 613, 0
34, 38, 1824, 25
34, 39, 956, 6
34, 40, 259, 10
34, 41, 1535, 9
34, 42, 113, 6
34, 43, 336, 3
34, 44, 919, 15
34, 45, 354, -3
34, 46, 1940, 1
34, 47, 649, 15
34, 48, 1000, -2
34, 49, 673, 1
34, 50, 1813, 17
34, 51, 711, 20
34, 52, 613, 2
34, 53, 578, 15
34, 54, 1529, 0
34, 55, 728, 2
34, 56, 608, -11
34, 57, 1716, 0
34, 58, 1921, 1
34, 59, 1773, 7
34, 60, 1990, 5
34, 61, 1925, 1
34, 62, 1958, 10
34, 63, 643, 13
34, 64, 312, 16
34, 65, 260, 26
34, 66, 820, 3
34, 67, 752, 5
34, 68, 878, 8
34, 69, 583, 8
34, 70, 535, 3
34, 71, 421, 13
34, 72, 309, -1
34, 73, 1069, 0
35, 36, 854, 23
35, 37, 1253, 5
35, 38, 76, 48
35, 39, 969, -13
35, 40, 1933, -2
35, 41, 381, 45
35, 42, 1801, 0
35, 43, 2125, -2
35, 44, 2354, 0
35, 45, 1721, 3
35, 46, 730, 11
35, 47, 2439, 2
35, 48, 1346, -2
35, 49, 1198, -10
35, 50, 126, 6
35, 51, 2227, 0
35, 52, 1709, -1
35, 53, 2382, 0
35, 54, 457, 21
35, 55, 2167, -2
35, 56, 1501, -8
35, 57, 191, 51
35, 58, 258, -20
35, 59, 196, 17
35, 60, 264, 21
35, 61, 227, -36
35, 62, 209, -2
35, 63, 1190, -8
35, 64, 1621, -3
35, 65, 1571, 1
35, 66, 2576, 0
35, 67, 1238, -11
35, 68, 1261, -13
35, 69, 1276, -6
35, 70, 2366, 3
35, 71, 2238, 0
35, 72, 1953, -1
35, 73, 1254, 11
36, 37, 1322, 5
36, 38, 928, 167
36, 39, 1413, 4
36, 40, 1902, -3
36, 41, 1090, 12
36, 42, 1843, 6
36, 43, 2256, 5
36, 44, 2697, 33
36, 45, 1662, -6
36, 46, 137, 212
36, 47, 2378, 8
36, 48, 1886, -3
36, 49, 1498, -10
36, 50, 975, 52
36, 51, 2521, 32
36, 52, 2076, 3
36, 53, 2349, 21
36, 54, 1186, -2
36, 55, 2489, 9
36, 56, 1374, 65
36, 57, 997, -4
36, 58, 624, -12
36, 59, 1033, 51
36, 60, 674, 14
36, 61, 661, -6
36, 62, 709, 85
36, 63, 1403, 2
36, 64, 1842, 22
36, 65, 1683, 5
36, 66, 2464, 14
36, 67, 1634, 14
36, 68, 1739, 6
36, 69, 1535, 6
36, 70, 2420, 4
36, 71, 2336, 10
36, 72, 1899, 15
36, 73, 1822, -2
37, 38, 1258, 48
37, 39, 570, 7
37, 40, 679, -4
37, 41, 1009, 18
37, 42, 559, -11
37, 43, 942, -9
37, 44, 1398, 9
37, 45, 474, -17
37, 46, 1332, -10
37, 47, 1186, 6
37, 48, 904, 9
37, 49, 363, 36
37, 50, 1254, 19
37, 51, 1210, 6
37, 52, 834, -2
37, 53, 1132, -4
37, 54, 1030, -1
37, 55, 1189, 2
37, 56, 344, -15
37, 57, 1165, 7
37, 58, 1317, 15
37, 59, 1227, 23
37, 60, 1388, 5
37, 61, 1324, 12
37, 62, 1360, 17
37, 63, 218, 29
37, 64, 534, 27
37, 65, 362, -1
37, 66, 1324, -1
37, 67, 554, 18
37, 68, 725, 7
37, 69, 324, 38
37, 70, 1142, 1
37, 71, 1035, -7
37, 72, 699, -7
37, 73, 912, 0
38, 39, 940, -7
38, 40, 1936, -16
38, 41, 335, -29
38, 42, 1799, -27
38, 43, 2111, -14
38, 44, 2319, -4
38, 45, 1729, -41
38, 46, 806, -81
38, 47, 2440, -6
38, 48, 1299, -16
38, 49, 1180, -81
38, 50, 50, -65
38, 51, 2197, -19
38, 52, 1677, -4
38, 53, 2382, -18
38, 54, 402, -15
38, 55, 2135, -3
38, 56, 1518, -47
38, 57, 133, -57
38, 58, 334, -16
38, 59, 123, -129
38, 60, 333, -68
38, 61, 301, -38
38, 62, 279, -263
38, 63, 1181, -72
38, 64, 1604, -28
38, 65, 1566, -32
38, 66, 2582, -4
38, 67, 1208, -11
38, 68, 1222, 1
38, 69, 1261, -55
38, 70, 2358, -5
38, 71, 2226, -7
38, 72, 1958, -31
38, 73, 1204, -4
39, 40, 1135, 3
39, 41, 615, 36
39, 42, 965, 9
39, 43, 1200, -1
39, 44, 1388, 2
39, 45, 991, 2
39, 46, 1365, 0
39, 47, 1604, 5
39, 48, 476, 0
39, 49, 284, -10
39, 50, 916, 2
39, 51, 1257, 2
39, 52, 741, 7
39, 53, 1534, 5
39, 54, 588, 24
39, 55, 1197, -1
39, 56, 915, -4
39, 57, 814, 19
39, 58, 1137, -1
39, 59, 861, 8
39, 60, 1189, 7
39, 61, 1128, -2
39, 62, 1144, 0
39, 63, 373, 2
39, 64, 688, -7
39, 65, 723, 1
39, 66, 1769, 5
39, 67, 268, -12
39, 68, 327, 21
39, 69, 375, -17
39, 70, 1466, -3
39, 71, 1322, -1
39, 72, 1170, -7
39, 73, 430, 2
40, 41, 1672, 11
40, 42, 182, 15
40, 43, 466, 11
40, 44, 1120, 14
40, 45, 240, -18
40, 46, 1941, -5
40, 47, 507, 19
40, 48, 1243, -8
40, 49, 851, 7
40, 50, 1931, 1
40, 51, 913, 21
40, 52, 873, 8
40, 53, 458, 17
40, 54, 1680, -2
40, 55, 947, 3
40, 56, 529, -8
40, 57, 1839, 2
40, 58, 1989, 6
40, 59, 1899, 7
40, 60, 2063, 3
40, 61, 1998, 4
40, 62, 2036, 11
40, 63, 782, 8
40, 64, 558, 16
40, 65, 414, 11
40, 66, 647, 8
40, 67, 966, 14
40, 68, 1107, 11
40, 69, 761, 5
40, 70, 526, 4
40, 71, 484, 14
40, 72, 49, -4
40, 73, 1304, -1
41, 42, 1521, -12
41, 43, 1805, -7
41, 44, 1985, -1
41, 45, 1483, -5
41, 46, 993, -6
41, 47, 2168, 2
41, 48, 965, -20
41, 49, 872, -18
41, 50, 304, -4
41, 51, 1867, -6
41, 52, 1344, -4
41, 53, 2104, -3
41, 54, 95, -64
41, 55, 1802, -4
41, 56, 1309, -12
41, 57, 203, -71
41, 58, 606, -25
41, 59, 246, -16
41, 60, 635, 2
41, 61, 585, -23
41, 62, 583, -11
41, 63, 895, -23
41, 64, 1293, -10
41, 65, 1281, -6
41, 66, 2319, 1
41, 67, 880, -24
41, 68, 887, -25
41, 69, 957, -18
41, 70, 2062, -5
41, 71, 1923, -5
41, 72, 1699, -7
41, 73, 872, -21
42, 43, 428, 0
42, 44, 1031, 12
42, 45, 241, -15
42, 46, 1869, -1
42, 47, 646, -2
42, 48, 1061, 2
42, 49, 681, 6
42, 50, 1790, 11
42, 51, 823, 11
42, 52, 706, 1
42, 53, 583, 4
42, 54, 1523, 3
42, 55, 842, 8
42, 56, 506, 0
42, 57, 1696, -5
42, 58, 1876, 10
42, 59, 1755, 15
42, 60, 1947, 6
42, 61, 1882, 2
42, 62, 1917, 10
42, 63, 626, 0
42, 64, 378, -9
42, 65, 243, 23
42, 66, 804, 9
42, 67, 786, 13
42, 68, 926, 2
42, 69, 590, 16
42, 70, 585, -1
42, 71, 493, 3
42, 72, 228, -18
42, 73, 1122, -2
43, 44, 666, 23
43, 45, 658, 2
43, 46, 2273, -7
43, 47, 536, 12
43, 48, 1116, -8
43, 49, 933, -5
43, 50, 2095, 6
43, 51, 464, 32
43, 52, 639, 3
43, 53, 452, -6
43, 54, 1787, 9
43, 55, 517, 10
43, 56, 934, -8
43, 57, 1995, 3
43, 58, 2232, 2
43, 59, 2049, 15
43, 60, 2299, 0
43, 61, 2234, 4
43, 62, 2264, 1
43, 63, 938, -1
43, 64, 512, 8
43, 65, 580, 3
43, 66, 717, -1
43, 67, 957, 5
43, 68, 1040, 0
43, 69, 850, -4
43, 70, 286, 4
43, 71, 128, -3
43, 72, 504, -3
43, 73, 1204, -4
44, 45, 1273, -19
44, 46, 2684, -3
44, 47, 1116, -10
44, 48, 1063, -1
44, 49, 1212, 2
44, 50, 2289, 1
44, 51, 208, -34
44, 52, 647, -2
44, 53, 1043, -14
44, 54, 1935, -4
44, 55, 208, -5
44, 56, 1512, -10
44, 57, 2188, -3
44, 58, 2523, 0
44, 59, 2227, 0
44, 60, 2577, 1
44, 61, 2515, 0
44, 62, 2532, 0
44, 63, 1293, -6
44, 64, 864, -16
44, 65, 1068, -17
44, 66, 1275, -3
44, 67, 1121, -10
44, 68, 1099, -3
44, 69, 1163, 0
44, 70, 815, -12
44, 71, 712, -18
44, 72, 1163, -23
44, 73, 1167, -5
45, 46, 1701, 2
45, 47, 735, -1
45, 48, 1187, -2
45, 49, 721, 6
45, 50, 1727, 17
45, 51, 1065, 20
45, 52, 903, 0
45, 53, 694, 9
45, 54, 1500, 6
45, 55, 1082, 8
45, 56, 291, -39
45, 57, 1639, 5
45, 58, 1763, 3
45, 59, 1701, 7
45, 60, 1838, 7
45, 61, 1774, -5
45, 62, 1814, 12
45, 63, 620, 0
45, 64, 550, 6
45, 65, 328, 21
45, 66, 858, 9
45, 67, 870, 4
45, 68, 1030, 4
45, 69, 637, 7
45, 70, 763, -3
45, 71, 703, 8
45, 72, 242, -57
45, 73, 1231, -5
46, 47, 2427, 0
46, 48, 1831, -6
46, 49, 1475, -8
46, 50, 854, 31
46, 51, 2514, 11
46, 52, 2053, 5
46, 53, 2393, 2
46, 54, 1088, -10
46, 55, 2478, 2
46, 56, 1418, 36
46, 57, 883, -10
46, 58, 492, -9
46, 59, 915, 13
46, 60, 538, 7
46, 61, 529, -2
46, 62, 575, 52
46, 63, 1392, 1
46, 64, 1840, 4
46, 65, 1695, 2
46, 66, 2521, 1
46, 67, 1599, 4
46, 68, 1693, 0
46, 69, 1520, 2
46, 70, 2451, 0
46, 71, 2359, -4
46, 72, 1941, 7
46, 73, 1762, 1
47, 48, 1618, -4
47, 49, 1320, 3
47, 50, 2433, 2
47, 51, 946, 2
47, 52, 1163, -1
47, 53, 83, -29
47, 54, 2169, -2
47, 55, 1019, -2
47, 56, 1009, -11
47, 57, 2340, -4
47, 58, 2496, 0
47, 59, 2400, 3
47, 60, 2569, -4
47, 61, 2505, 2
47, 62, 2544, 3
47, 63, 1272, -9
47, 64, 949, -9
47, 65, 888, 7
47, 66, 182, 10
47, 67, 1400, -3
47, 68, 1516, -5
47, 69, 1229, -8
47, 70, 301, -6
47, 71, 430, -23
47, 72, 493, -12
47, 73, 1697, -3
48, 49, 541, -11
48, 50, 1262, 0
48, 51, 991, -6
48, 52, 493, 1
48, 53, 1538, -2
48, 54, 899, 18
48, 55, 911, -3
48, 56, 1221, 1
48, 57, 1165, 22
48, 58, 1553, -1
48, 59, 1194, 5
48, 60, 1592, -2
48, 61, 1537, -1
48, 62, 1542, 5
48, 63, 688, -2
48, 64, 688, 4
48, 65, 860, -6
48, 66, 1799, 1
48, 67, 349, 3
48, 68, 180, -12
48, 69, 589, -5
48, 70, 1403, 1
48, 71, 1244, 1
48, 72, 1289, 0
48, 73, 104, 8
49, 50, 1162, 4
49, 51, 1055, 6
49, 52, 578, 4
49, 53, 1251, 0
49, 54, 858, 10
49, 55, 1009, 6
49, 56, 692, -10
49, 57, 1062, 7
49, 58, 1331, 13
49, 59, 1115, 26
49, 60, 1392, -2
49, 61, 1328, 9
49, 62, 1352, -2
49, 63, 146, -44
49, 64, 423, -35
49, 65, 438, -18
49, 66, 1484, 5
49, 67, 192, 43
49, 68, 361, 5
49, 69, 91, -42
49, 70, 1191, 2
49, 71, 1051, 0
49, 72, 888, -14
49, 73, 550, 6
50, 51, 2171, 2
50, 52, 1649, 0
50, 53, 2374, -7
50, 54, 363, -25
50, 55, 2107, 2
50, 56, 1523, -23
50, 57, 101, 9
50, 58, 384, 7
50, 59, 74, 45
50, 60, 383, -25
50, 61, 352, 3
50, 62, 328, -10
50, 63, 1170, -10
50, 64, 1586, -5
50, 65, 1555, -11
50, 66, 2577, -7
50, 67, 1183, 2
50, 68, 1191, 0
50, 69, 1245, -16
50, 70, 2345, -5
50, 71, 2211, -8
50, 72, 1954, -12
50, 73, 1166, -3
51, 52, 524, 2
51, 53, 868, -17
51, 54, 1825, 3
51, 55, 91, 28
51, 56, 1308, -15
51, 57, 2069, -2
51, 58, 2381, 2
51, 59, 2112, 12
51, 60, 2439, 1
51, 61, 2376, 1
51, 62, 2396, 2
51, 63, 1122, -5
51, 64, 679, -20
51, 65, 871, -13
51, 66, 1114, -2
51, 67, 989, 6
51, 68, 994, 2
51, 69, 997, -9
51, 70, 646, 2
51, 71, 525, -18
51, 72, 956, -9
51, 73, 1094, -2
52, 53, 1080, -1
52, 54, 1301, 2
52, 55, 458, 2
52, 56, 1050, 3
52, 57, 1547, 2
52, 58, 1876, 1
52, 59, 1589, 2
52, 60, 1929, 0
52, 61, 1868, 0
52, 62, 1885, 7
52, 63, 682, -1
52, 64, 356, -3
52, 65, 595, -5
52, 66, 1346, 0
52, 67, 474, -3
52, 68, 470, 0
52, 69, 546, 1
52, 70, 923, 1
52, 71, 763, 3
52, 72, 923, 0
52, 73, 591, -1
53, 54, 2103, 4
53, 55, 939, 6
53, 56, 976, -9
53, 57, 2279, -4
53, 58, 2447, -1
53, 59, 2338, 2
53, 60, 2519, 3
53, 61, 2455, -3
53, 62, 2492, 8
53, 63, 1208, 2
53, 64, 872, 9
53, 65, 823, -3
53, 66, 265, 17
53, 67, 1325, -3
53, 68, 1438, -2
53, 69, 1160, 3
53, 70, 229, -7
53, 71, 348, 0
53, 72, 452, 9
53, 73, 1618, 1
54, 55, 1758, -2
54, 56, 1342, 4
54, 57, 268, 49
54, 58, 693, -9
54, 59, 295, -14
54, 60, 717, 8
54, 61, 670, 9
54, 62, 664, -4
54, 63, 898, -20
54, 64, 1275, -3
54, 65, 1281, -5
54, 66, 2325, 1
54, 67, 846, -17
54, 68, 836, -10
54, 69, 947, -7
54, 70, 2050, -2
54, 71, 1908, -2
54, 72, 1709, 6
54, 73, 803, 11
55, 56, 1311, -1
55, 57, 2006, 0
55, 58, 2328, 0
55, 59, 2047, 4
55, 60, 2384, 1
55, 61, 2321, 2
55, 62, 2340, 2
55, 63, 1086, -6
55, 64, 655, -15
55, 65, 863, -12
55, 66, 1190, 2
55, 67, 929, 1
55, 68, 923, 1
55, 69, 958, -3
55, 70, 722, -2
55, 71, 592, -13
55, 72, 992, -3
55, 73, 1014, -1
56, 57, 1442, 8
56, 58, 1515, 10
56, 59, 1507, 20
56, 60, 1592, 4
56, 61, 1529, 12
56, 62, 1573, 21
56, 63, 555, 7
56, 64, 700, 9
56, 65, 461, 10
56, 66, 1113, 6
56, 67, 875, 16
56, 68, 1046, 3
56, 69, 632, -3
56, 70, 1054, -4
56, 71, 990, 0
56, 72, 525, 94
56, 73, 1241, 1
57, 58, 441, -27
57, 59, 65, -2
57, 60, 454, 7
57, 61, 413, -24
57, 62, 400, -19
57, 63, 1073, -22
57, 64, 1486, -11
57, 65, 1459, -10
57, 66, 2486, 0
57, 67, 1082, -5
57, 68, 1091, -17
57, 69, 1146, -16
57, 70, 2247, -1
57, 71, 2112, -3
57, 72, 1863, -3
57, 73, 1070, -2
58, 59, 454, -12
58, 60, 78, 4
58, 61, 36, -29
58, 62, 87, -40
58, 63, 1296, -19
58, 64, 1744, -5
58, 65, 1660, -6
58, 66, 2620, -1
58, 67, 1401, 1
58, 68, 1449, 4
58, 69, 1400, -10
58, 70, 2456, -2
58, 71, 2338, -5
58, 72, 2003, -4
58, 73, 1466, -3
59, 60, 456, -12
59, 61, 423, -13
59, 62, 402, -43
59, 63, 1131, -40
59, 64, 1538, -16
59, 65, 1517, -10
59, 66, 2547, -1
59, 67, 1127, 3
59, 68, 1128, 4
59, 69, 1200, -24
59, 70, 2303, -1
59, 71, 2166, -8
59, 72, 1924, -12
59, 73, 1098, -4
60, 61, 65, -17
60, 62, 54, 30
60, 63, 1361, -4
60, 64, 1807, 2
60, 65, 1729, -4
60, 66, 2695, -1
60, 67, 1455, 1
60, 68, 1496, -2
60, 69, 1462, 0
60, 70, 2525, 1
60, 71, 2406, -2
60, 72, 2077, -7
60, 73, 1503, -5
61, 62, 54, -25
61, 63, 1296, -9
61, 64, 1743, -4
61, 65, 1664, -8
61, 66, 2631, 0
61, 67, 1393, 3
61, 68, 1437, 4
61, 69, 1398, -2
61, 70, 2460, 2
61, 71, 2341, 2
61, 72, 2013, -8
61, 73, 1449, 2
62, 63, 1326, 2
62, 64, 1770, -19
62, 65, 1697, -19
62, 66, 2672, 0
62, 67, 1411, -2
62, 68, 1448, 4
62, 69, 1424, -9
62, 70, 2494, -5
62, 71, 2372, -6
62, 72, 2052, -18
62, 73, 1452, -2
63, 64, 453, -23
63, 65, 386, -16
63, 66, 1427, -1
63, 67, 339, 22
63, 68, 508, 7
63, 69, 135, -30
63, 70, 1176, -7
63, 71, 1048, 6
63, 72, 813, -6
63, 73, 694, -1
64, 65, 240, -38
64, 66, 1125, 0
64, 67, 455, 30
64, 68, 568, 12
64, 69, 345, 14
64, 70, 780, 1
64, 71, 634, 0
64, 72, 605, -1
64, 73, 756, -1
65, 66, 1047, 1
65, 67, 557, 11
65, 68, 709, 13
65, 69, 348, 32
65, 70, 796, -4
65, 71, 678, -7
65, 72, 452, -11
65, 73, 909, 3
66, 67, 1572, -2
66, 68, 1692, 0
66, 69, 1393, 1
66, 70, 467, -1
66, 71, 608, -3
66, 72, 624, -4
66, 73, 1876, -1
67, 68, 171, 37
67, 69, 244, -40
67, 70, 1233, -5
67, 71, 1082, -4
67, 72, 1008, -10
67, 73, 367, 10
68, 69, 414, -9
68, 70, 1324, 0
68, 71, 1168, 4
68, 72, 1152, -3
68, 73, 201, 4
69, 70, 1104, -2
69, 71, 966, -8
69, 72, 799, 0
69, 73, 611, 2
70, 71, 159, 4
70, 72, 542, 3
70, 73, 1490, -3
71, 72, 513, -10
71, 73, 1332, -6
72, 73, 1349, -4
