total_pop,total_pop_100,total_pop_1000
545071,5450,545
526004,5260,526
138212,1382,138
225552,2255,225
241455,2414,241
263135,2631,263
604698,6046,604
710058,7100,710
289752,2897,289
1933335,19333,1933
534476,5344,534
858332,8583,858
206982,2069,206
256745,2567,256
266069,2660,266
263649,2636,263
204226,2042,204
111276,1112,111
330897,3308,330
255573,2555,255
380152,3801,380
277302,2773,277
123142,1231,123
468295,4682,468
289811,2898,289
368184,3681,368
196463,1964,196
327914,3279,327
1434694,14346,1434
481263,4812,481
471340,4713,471
243875,2438,243
271545,2715,271
305832,3058,305
255271,2552,255
802606,8026,802
115237,1152,115
3230383,32303,3230
105277,1052,105
178101,1781,178
1411727,14117,1411
360072,3600,360
366689,3666,366
828031,8280,828
379637,3796,379
305939,3059,305
736192,7361,736
123915,1239,123
285320,2853,285
995512,9955,995
828031,8280,828
148398,1483,148
580017,5800,580
384041,3840,384
401708,4017,401
205395,2053,205
683144,6831,683
517243,5172,517
1076483,10764,1076
345344,3453,345
215563,2155,215
609377,6093,609
192651,1926,192
343517,3435,343
403293,4032,403
288240,2882,288
659736,6597,659
411876,4118,411
241915,2419,241
164944,1649,164
348627,3486,348
670987,6709,670
67372,673,67
